INSERT INTO especie (id_especie, nombre_especie, descripcion_especie) VALUES
    (1, 'Perro', 'Canino domestico'),
    (3, 'Gato', 'Felinos domésticos'),
    (4, 'Conejo', 'Mamíferos lagomorfos'),
    (5, 'Hamster', 'Roedor doméstico'),
    (6, 'Loro', 'Ave doméstica'),
    (7, 'Tortuga', 'Reptil doméstico'),
    (8, 'Pez', 'Animal acuático'),
    (9, 'Iguana', 'Reptil exótico'),
    (10, 'Cobayo', 'Cuy doméstico'),
    (11, 'Hurón', 'Mamífero doméstico');

INSERT INTO especialidad (id_especialidad, nombre_especialidad, descripcion_especialidad) VALUES
    (1, 'Medicina General', 'Atencion veterinaria general'),
    (6, 'Medicina General Veterinaria', 'Diagnóstico y tratamiento de enfermedades comunes en mascotas'),
    (2, 'Cirugía Veterinaria', 'Realización de procedimientos quirúrgicos preventivos y correctivos'),
    (3, 'Dermatología Veterinaria', 'Atención de enfermedades de la piel pelaje y alergias'),
    (4, 'Cardiología Veterinaria', 'Evaluación y tratamiento de enfermedades del corazón y sistema circulatorio'),
    (5, 'Odontología Veterinaria', 'Prevención diagnóstico y tratamiento de problemas dentales y bucales');

INSERT INTO propietario (id_propietario, nombres, apellidos, sexo, dui, correo, direccion, telefono) VALUES
    (1, 'Carlos', 'Ramirez', 'M', '07474585-8', 'carlos@gmail.com', 'San Salvador', '+503 7000-1111'),
    (2, 'Willabella', 'O''Glassane', 'F', '12751162-8', 'willabella.o''glassane2@gmail.com', 'Residencial Ciudad Merliot', '+503 7002-1002'),
    (3, 'Hadley', 'Woodington', 'M', '10383531-1', 'hadley.woodington3@gmail.com', 'San Salvador', '+503 7003-1003'),
    (4, 'Tabb', 'Medd', 'M', '30674431-3', 'tabb.medd4@gmail.com', 'San Salvador', '+503 7004-1004'),
    (5, 'Jared', 'Lampkin', 'M', '92955134-2', 'jared.lampkin5@gmail.com', 'San Salvador', '+503 7005-1005'),
    (6, 'Merrel', 'Attlee', 'M', '56169623-6', 'merrel.attlee6@gmail.com', 'Mejicanos', '+503 7006-1006'),
    (7, 'Kris', 'Marlow', 'M', '79524542-1', 'kris.marlow7@gmail.com', 'Colonia Escalón', '+503 7007-1007'),
    (8, 'Killie', 'Glidder', 'M', '75623331-6', 'killie.glidder8@gmail.com', 'Santa Tecla', '+503 7008-1008'),
    (9, 'Frasier', 'Dayce', 'M', '42646913-1', 'frasier.dayce9@gmail.com', 'Antiguo Cuscatlán', '+503 7009-1009'),
    (10, 'Howard', 'Cordeau]', 'M', '86784051-3', 'howard.cordeau]10@gmail.com', 'Antiguo Cuscatlán', '+503 7010-1010'),
    (11, 'Tan', 'Tompion', 'M', '37050901-0', 'tan.tompion11@gmail.com', 'Colonia Flor Blanca', '+503 7011-1011'),
    (12, 'Shayna', 'Boyfield', 'F', '54052487-8', 'shayna.boyfield12@gmail.com', 'Mejicanos', '+503 7012-1012'),
    (13, 'Yard', 'Cowgill', 'M', '54894348-9', 'yard.cowgill13@gmail.com', 'San Salvador', '+503 7013-1013'),
    (14, 'Guenevere', 'Imbrey', 'F', '66846945-8', 'guenevere.imbrey14@gmail.com', 'Santa Tecla', '+503 7014-1014'),
    (15, 'Shandie', 'Braksper', 'F', '64530893-1', 'shandie.braksper15@gmail.com', 'San Salvador', '+503 7015-1015'),
    (16, 'Anya', 'Gowing', 'F', '58510043-4', 'anya.gowing16@gmail.com', 'Colonia Escalón Norte', '+503 7016-1016'),
    (17, 'Jere', 'Krout', 'F', '64872278-1', 'jere.krout17@gmail.com', 'Colonia San Benito', '+503 7017-1017'),
    (18, 'Bert', 'Rens', 'M', '16063934-4', 'bert.rens18@gmail.com', 'Antiguo Cuscatlán', '+503 7018-1018'),
    (19, 'Ethelred', 'Stuttard', 'M', '70766018-1', 'ethelred.stuttard19@gmail.com', 'Residencial Cumbres de Cuscatlán', '+503 7019-1019'),
    (20, 'Napoleon', 'Moorerud', 'M', '76989616-2', 'napoleon.moorerud20@gmail.com', 'Ilopango', '+503 7020-1020'),
    (21, 'Zacharias', 'Kilian', 'M', '08317060-4', 'zacharias.kilian21@gmail.com', 'Ilopango', '+503 7021-1021'),
    (22, 'Erwin', 'Mulberry', 'M', '79474963-0', 'erwin.mulberry22@gmail.com', 'Mejicanos', '+503 7022-1022'),
    (23, 'Findley', 'Swaddle', 'M', '84407451-5', 'findley.swaddle23@gmail.com', 'Santa Tecla', '+503 7023-1023'),
    (24, 'Hermann', 'Kettlestringe', 'M', '69480063-6', 'hermann.kettlestringe24@gmail.com', 'Colonia Miramonte', '+503 7024-1024'),
    (25, 'Marrissa', 'Gynn', 'F', '40377072-6', 'marrissa.gynn25@gmail.com', 'Santa Tecla', '+503 7025-1025'),
    (26, 'Dare', 'Higgonet', 'M', '10481938-1', 'dare.higgonet26@gmail.com', 'Ilopango', '+503 7026-1026'),
    (27, 'Brent', 'Hughes', 'M', '48963064-7', 'brent.hughes27@gmail.com', 'San Salvador', '+503 7027-1027'),
    (28, 'Derby', 'Mogie', 'M', '26626181-2', 'derby.mogie28@gmail.com', 'Residencial Cumbres de Cuscatlán', '+503 7028-1028'),
    (29, 'Fidole', 'Hansie', 'M', '20618320-7', 'fidole.hansie29@gmail.com', 'Colonia San Benito', '+503 7029-1029'),
    (30, 'Jordon', 'Bulbeck', 'M', '09457228-4', 'jordon.bulbeck30@gmail.com', 'Residencial Cumbres de Cuscatlán', '+503 7030-1030'),
    (31, 'Claiborne', 'Proven', 'M', '86105414-5', 'claiborne.proven31@gmail.com', 'San Salvador', '+503 7031-1031'),
    (32, 'Bord', 'Cathersides', 'M', '07930292-6', 'bord.cathersides32@gmail.com', 'Colonia Miramonte', '+503 7032-1032'),
    (33, 'Camel', 'Mawd', 'F', '41108125-3', 'camel.mawd33@gmail.com', 'Santa Tecla', '+503 7033-1033'),
    (34, 'Osborne', 'Emm', 'M', '56566453-0', 'osborne.emm34@gmail.com', 'Colonia Flor Blanca', '+503 7034-1034'),
    (35, 'Berk', 'Figgins', 'M', '62895632-3', 'berk.figgins35@gmail.com', 'Residencial Altavista', '+503 7035-1035'),
    (36, 'Joellen', 'Narducci', 'F', '19948985-6', 'joellen.narducci36@gmail.com', 'Lourdes', '+503 7036-1036'),
    (37, 'Tiertza', 'Duckerin', 'F', '16041108-1', 'tiertza.duckerin37@gmail.com', 'San Salvador', '+503 7037-1037'),
    (38, 'Hervey', 'McNysche', 'M', '76168847-4', 'hervey.mcnysche38@gmail.com', 'Colonia Utila', '+503 7038-1038'),
    (39, 'Isabeau', 'Wither', 'F', '47947894-6', 'isabeau.wither39@gmail.com', 'San Salvador', '+503 7039-1039'),
    (40, 'Birch', 'Bernardez', 'M', '84982521-6', 'birch.bernardez40@gmail.com', 'Colonia Miramonte', '+503 7040-1040'),
    (41, 'Freida', 'Ibanez', 'F', '94350742-7', 'freida.ibanez41@gmail.com', 'Residencial Ciudad Merliot', '+503 7041-1041'),
    (42, 'Megen', 'Challice', 'F', '84807515-3', 'megen.challice42@gmail.com', 'San Salvador', '+503 7042-1042'),
    (43, 'Huberto', 'Le Grand', 'M', '86596693-2', 'huberto.le grand43@gmail.com', 'Colonia Flor Blanca', '+503 7043-1043'),
    (44, 'Roth', 'Lindstrom', 'M', '02289729-1', 'roth.lindstrom44@gmail.com', 'Colonia Zacamil', '+503 7044-1044'),
    (45, 'Calv', 'Busfield', 'M', '62560217-5', 'calv.busfield45@gmail.com', 'Ilopango', '+503 7045-1045'),
    (46, 'Korey', 'Medler', 'M', '34273643-0', 'korey.medler46@gmail.com', 'San Salvador', '+503 7046-1046'),
    (47, 'Maryjane', 'Baden', 'F', '04007260-1', 'maryjane.baden47@gmail.com', 'Antiguo Cuscatlán', '+503 7047-1047'),
    (48, 'Doyle', 'Shambroke', 'M', '61641192-7', 'doyle.shambroke48@gmail.com', 'San Salvador', '+503 7048-1048'),
    (49, 'Thia', 'Dericot', 'F', '33486933-7', 'thia.dericot49@gmail.com', 'San Salvador', '+503 7049-1049'),
    (50, 'Terry', 'Critcher', 'F', '35656701-2', 'terry.critcher50@gmail.com', 'Colonia Zacamil', '+503 7050-1050'),
    (51, 'Delly', 'Leyban', 'F', '09988550-0', 'delly.leyban51@gmail.com', 'Urbanización Santa Elena', '+503 7051-1051'),
    (52, 'Jourdain', 'Wedderburn', 'M', '96145087-2', 'jourdain.wedderburn52@gmail.com', 'Colonia Utila', '+503 7052-1052'),
    (53, 'Annelise', 'Everingham', 'F', '17639848-3', 'annelise.everingham53@gmail.com', 'Antiguo Cuscatlán', '+503 7053-1053'),
    (54, 'Cly', 'Idiens', 'M', '65493095-0', 'cly.idiens54@gmail.com', 'Mejicanos', '+503 7054-1054'),
    (55, 'Fitzgerald', 'Gerritsma', 'M', '74714961-0', 'fitzgerald.gerritsma55@gmail.com', 'Mejicanos', '+503 7055-1055'),
    (56, 'Elly', 'Offord', 'F', '15085915-4', 'elly.offord56@gmail.com', 'Colonia Escalón Norte', '+503 7056-1056'),
    (57, 'Edita', 'Gemnett', 'F', '94518114-9', 'edita.gemnett57@gmail.com', 'San Salvador', '+503 7057-1057'),
    (58, 'Correy', 'Jordine', 'M', '52031573-1', 'correy.jordine58@gmail.com', 'Residencial Ciudad Merliot', '+503 7058-1058'),
    (59, 'Yvette', 'Noonan', 'F', '70671332-5', 'yvette.noonan59@gmail.com', 'San Salvador', '+503 7059-1059'),
    (60, 'Skye', 'Marshalleck', 'M', '30362509-2', 'skye.marshalleck60@gmail.com', 'Colonia Flor Blanca', '+503 7060-1060'),
    (61, 'Abe', 'Smoote', 'M', '25319956-0', 'abe.smoote61@gmail.com', 'Santa Tecla', '+503 7061-1061'),
    (62, 'Gracia', 'Harland', 'F', '26101532-0', 'gracia.harland62@gmail.com', 'San Salvador', '+503 7062-1062'),
    (63, 'Osbourne', 'Fussey', 'M', '56580745-2', 'osbourne.fussey63@gmail.com', 'Ilopango', '+503 7063-1063'),
    (64, 'Shaun', 'Elphinstone', 'F', '34408382-1', 'shaun.elphinstone64@gmail.com', 'Colonia Zacamil', '+503 7064-1064'),
    (65, 'Mort', 'Lendon', 'M', '64773500-6', 'mort.lendon65@gmail.com', 'Residencial Cumbres de Cuscatlán', '+503 7065-1065'),
    (66, 'Reg', 'Abbie', 'M', '96621464-6', 'reg.abbie66@gmail.com', 'Colonia Escalón', '+503 7066-1066'),
    (67, 'Sidonnie', 'Fevers', 'F', '12858305-9', 'sidonnie.fevers67@gmail.com', 'Colonia Escalón', '+503 7067-1067'),
    (68, 'Mayor', 'Plank', 'M', '73273584-4', 'mayor.plank68@gmail.com', 'Colonia Utila', '+503 7068-1068'),
    (69, 'Adele', 'Cowope', 'F', '58943499-5', 'adele.cowope69@gmail.com', 'Colonia Zacamil', '+503 7069-1069'),
    (70, 'Ame', 'Lugsdin', 'F', '28818271-9', 'ame.lugsdin70@gmail.com', 'Residencial Cumbres de Cuscatlán', '+503 7070-1070'),
    (71, 'Adolphus', 'Fudger', 'M', '95715756-3', 'adolphus.fudger71@gmail.com', 'Mejicanos', '+503 7071-1071'),
    (72, 'Ryley', 'Parram', 'M', '36793079-4', 'ryley.parram72@gmail.com', 'Urbanización Santa Elena', '+503 7072-1072'),
    (73, 'Micki', 'Burd', 'F', '85681055-1', 'micki.burd73@gmail.com', 'San Salvador', '+503 7073-1073'),
    (74, 'Thorstein', 'Coopland', 'M', '65540215-4', 'thorstein.coopland74@gmail.com', 'Residencial Las Arboledas', '+503 7074-1074'),
    (75, 'Timotheus', 'Dowrey', 'M', '13715864-6', 'timotheus.dowrey75@gmail.com', 'Colonia Zacamil', '+503 7075-1075'),
    (76, 'Bryanty', 'Koenen', 'M', '77466340-6', 'bryanty.koenen76@gmail.com', 'Antiguo Cuscatlán', '+503 7076-1076'),
    (77, 'Ingemar', 'Klas', 'M', '47665919-7', 'ingemar.klas77@gmail.com', 'Colonia Escalón', '+503 7077-1077'),
    (78, 'Omar', 'Vedekhov', 'M', '88385179-4', 'omar.vedekhov78@gmail.com', 'Residencial Altavista', '+503 7078-1078'),
    (79, 'Gardiner', 'Josephy', 'M', '62406117-8', 'gardiner.josephy79@gmail.com', 'Residencial Cumbres de Cuscatlán', '+503 7079-1079'),
    (80, 'Arlana', 'Ackerman', 'F', '77905693-2', 'arlana.ackerman80@gmail.com', 'Antiguo Cuscatlán', '+503 7080-1080'),
    (81, 'Andrea', 'Kiff', 'M', '18846379-8', 'andrea.kiff81@gmail.com', 'Residencial Ciudad Merliot', '+503 7081-1081'),
    (82, 'Prinz', 'Schirach', 'M', '32221539-2', 'prinz.schirach82@gmail.com', 'Ilopango', '+503 7082-1082'),
    (83, 'Dalis', 'Sharkey', 'M', '75703434-9', 'dalis.sharkey83@gmail.com', 'San Salvador', '+503 7083-1083'),
    (84, 'Ursa', 'Clewes', 'F', '17873115-1', 'ursa.clewes84@gmail.com', 'Colonia Utila', '+503 7084-1084'),
    (85, 'Stavros', 'Pamphilon', 'M', '98074012-7', 'stavros.pamphilon85@gmail.com', 'Colonia Flor Blanca', '+503 7085-1085'),
    (86, 'Nertie', 'Oulett', 'F', '56355604-9', 'nertie.oulett86@gmail.com', 'Colonia Utila', '+503 7086-1086'),
    (87, 'Shae', 'Wilfling', 'F', '94246104-7', 'shae.wilfling87@gmail.com', 'Residencial Ciudad Merliot', '+503 7087-1087'),
    (88, 'Maxim', 'Bentick', 'M', '34176052-7', 'maxim.bentick88@gmail.com', 'San Salvador', '+503 7088-1088'),
    (89, 'Marten', 'Costock', 'M', '41316836-9', 'marten.costock89@gmail.com', 'San Salvador', '+503 7089-1089'),
    (90, 'Rolando', 'Hatliffe', 'M', '86046059-6', 'rolando.hatliffe90@gmail.com', 'Antiguo Cuscatlán', '+503 7090-1090'),
    (91, 'Tyson', 'Garred', 'M', '37498188-2', 'tyson.garred91@gmail.com', 'Colonia Utila', '+503 7091-1091'),
    (92, 'Wilhelm', 'Labba', 'M', '92846854-0', 'wilhelm.labba92@gmail.com', 'Santa Tecla', '+503 7092-1092'),
    (93, 'Katherine', 'Glader', 'F', '16695899-2', 'katherine.glader93@gmail.com', 'Colonia Miramonte', '+503 7093-1093'),
    (94, 'Gardener', 'Redmain', 'M', '36223389-7', 'gardener.redmain94@gmail.com', 'Mejicanos', '+503 7094-1094'),
    (95, 'Simmonds', 'Meenehan', 'M', '17121158-8', 'simmonds.meenehan95@gmail.com', 'Colonia Flor Blanca', '+503 7095-1095'),
    (96, 'Renato', 'Ettery', 'M', '01732608-8', 'renato.ettery96@gmail.com', 'Lourdes', '+503 7096-1096'),
    (97, 'Kare', 'Kilvington', 'F', '97386926-0', 'kare.kilvington97@gmail.com', 'Mejicanos', '+503 7097-1097'),
    (98, 'Maxwell', 'Newdick', 'M', '01095949-9', 'maxwell.newdick98@gmail.com', 'Colonia Escalón', '+503 7098-1098'),
    (99, 'Daren', 'Foch', 'M', '09560603-7', 'daren.foch99@gmail.com', 'Colonia San Benito', '+503 7099-1099'),
    (100, 'Moise', 'Mollen', 'M', '17233131-2', 'moise.mollen100@gmail.com', 'Residencial Ciudad Merliot', '+503 7100-1100'),
    (101, 'Martin', 'Zamora', 'M', '74100101-1', 'martin.zamora101@gmail.com', 'Colonia Veterinaria 101', '+503 7201-1201'),
    (102, 'Luciana', 'Portillo', 'F', '74100102-2', 'luciana.portillo102@outlook.com', 'Colonia Veterinaria 102', '+503 7202-1202'),
    (103, 'Gustavo', 'Barrera', 'M', '74100103-3', 'gustavo.barrera103@gmail.com', 'Colonia Veterinaria 103', '+503 7203-1203'),
    (104, 'Adriana', 'Cabrera', 'F', '74100104-4', 'adriana.cabrera104@outlook.com', 'Colonia Veterinaria 104', '+503 7204-1204'),
    (105, 'Emilio', 'Diaz', 'M', '74100105-5', 'emilio.diaz105@gmail.com', 'Colonia Veterinaria 105', '+503 7205-1205'),
    (106, 'Renata', 'Funes', 'F', '74100106-6', 'renata.funes106@outlook.com', 'Colonia Veterinaria 106', '+503 7206-1206'),
    (107, 'Kevin', 'Guillen', 'M', '74100107-7', 'kevin.guillen107@gmail.com', 'Colonia Veterinaria 107', '+503 7207-1207'),
    (108, 'Fabiola', 'Linares', 'F', '74100108-8', 'fabiola.linares108@outlook.com', 'Colonia Veterinaria 108', '+503 7208-1208'),
    (109, 'Nelson', 'Mendoza', 'M', '74100109-9', 'nelson.mendoza109@gmail.com', 'Colonia Veterinaria 109', '+503 7209-1209'),
    (110, 'Jimena', 'Oliva', 'F', '74100110-0', 'jimena.oliva110@outlook.com', 'Colonia Veterinaria 110', '+503 7210-1210'),
    (111, 'Victor', 'Rodas', 'M', '74100111-1', 'victor.rodas111@gmail.com', 'Colonia Veterinaria 111', '+503 7211-1211'),
    (112, 'Marcela', 'Sosa', 'F', '74100112-2', 'marcela.sosa112@outlook.com', 'Colonia Veterinaria 112', '+503 7212-1212'),
    (113, 'Cristian', 'Tobar', 'M', '74100113-3', 'cristian.tobar113@gmail.com', 'Colonia Veterinaria 113', '+503 7213-1213'),
    (114, 'Rocio', 'Vides', 'F', '74100114-4', 'rocio.vides114@outlook.com', 'Colonia Veterinaria 114', '+503 7214-1214'),
    (115, 'Mauricio', 'Zepeda', 'M', '74100115-5', 'mauricio.zepeda115@gmail.com', 'Colonia Veterinaria 115', '+503 7215-1215'),
    (116, 'Lorena', 'Alas', 'F', '74100116-6', 'lorena.alas116@outlook.com', 'Colonia Veterinaria 116', '+503 7216-1216'),
    (117, 'Adrian', 'Baires', 'M', '74100117-7', 'adrian.baires117@gmail.com', 'Colonia Veterinaria 117', '+503 7217-1217'),
    (118, 'Carmen', 'Carias', 'F', '74100118-8', 'carmen.carias118@outlook.com', 'Colonia Veterinaria 118', '+503 7218-1218'),
    (119, 'Julio', 'Duarte', 'M', '74100119-9', 'julio.duarte119@gmail.com', 'Colonia Veterinaria 119', '+503 7219-1219'),
    (120, 'Paola', 'Erazo', 'F', '74100120-0', 'paola.erazo120@outlook.com', 'Colonia Veterinaria 120', '+503 7220-1220'),
    (121, 'Pablo', 'Guardado', 'M', '74100121-1', 'pablo.guardado121@gmail.com', 'Colonia Veterinaria 121', '+503 7221-1221'),
    (122, 'Iris', 'Hidalgo', 'F', '74100122-2', 'iris.hidalgo122@outlook.com', 'Colonia Veterinaria 122', '+503 7222-1222'),
    (123, 'Gerson', 'Menjivar', 'M', '74100123-3', 'gerson.menjivar123@gmail.com', 'Colonia Veterinaria 123', '+503 7223-1223'),
    (124, 'Ximena', 'Paz', 'F', '74100124-4', 'ximena.paz124@outlook.com', 'Colonia Veterinaria 124', '+503 7224-1224'),
    (125, 'Ernesto', 'Rendon', 'M', '74100125-5', 'ernesto.rendon125@gmail.com', 'Colonia Veterinaria 125', '+503 7225-1225'),
    (126, 'Gloria', 'Soriano', 'F', '74100126-6', 'gloria.soriano126@outlook.com', 'Colonia Veterinaria 126', '+503 7226-1226'),
    (127, 'Samuel', 'Ticas', 'M', '74100127-7', 'samuel.ticas127@gmail.com', 'Colonia Veterinaria 127', '+503 7227-1227'),
    (128, 'Marta', 'Yanes', 'F', '74100128-8', 'marta.yanes128@outlook.com', 'Colonia Veterinaria 128', '+503 7228-1228'),
    (129, 'Ivan', 'Amaya', 'M', '74100129-9', 'ivan.amaya129@gmail.com', 'Colonia Veterinaria 129', '+503 7229-1229'),
    (130, 'Sara', 'Burgos', 'F', '74100130-0', 'sara.burgos130@outlook.com', 'Colonia Veterinaria 130', '+503 7230-1230');

INSERT INTO mascota (id_mascota, nombre_mascota, fecha_nacimiento, sexo, color, observaciones_mascota, estado_mascota, peso, id_propietario, id_especie) VALUES
    (1, 'Payton', '2019-10-18', 'M', 'Negro', 'Sin antecedentes relevantes', 'Activo', 7.30, 18, 3),
    (2, 'Roxie', '2019-01-23', 'F', 'Negro', 'Presenta alergias leves', 'Inactivo', 9.50, 8, 8),
    (3, 'Jase', '2024-07-05', 'F', 'Gris', 'Requiere control de peso de forma urgente', 'Activo', 2.10, 74, 4),
    (4, 'Hyacintha', '2023-04-04', 'F', 'Blanco', 'Requiere control de peso de forma urgente', 'Inactivo', 1.60, 48, 3),
    (5, 'Olin', '2024-10-25', 'F', 'Gris', 'Requiere control de peso de forma urgente', 'Inactivo', 9.20, 11, 9),
    (6, 'Adelaida', '2019-06-20', 'F', 'Manchado', 'Esquema de vacunación completo', 'Activo', 4.40, 51, 9),
    (7, 'Mike', '2019-02-12', 'M', 'Negro', 'Requiere control de peso de forma urgente', 'Inactivo', 4.60, 48, 5),
    (8, 'Adams', '2023-10-16', 'F', 'Manchado', 'Sin antecedentes relevantes', 'Inactivo', 1.10, 54, 10),
    (9, 'Alleen', '2020-12-23', 'F', 'Manchado', 'Esquema de vacunación completo', 'Inactivo', 2.10, 84, 4),
    (10, 'Bernhard', '2024-10-23', 'F', 'Negro', 'Sin antecedentes relevantes', 'Inactivo', 9.10, 79, 9),
    (11, 'Roselin', '2023-01-12', 'M', 'Café', 'Requiere control de peso de forma urgente', 'Activo', 9.10, 38, 4),
    (12, 'Halie', '2021-10-23', 'F', 'Blanco', 'Mascota sana', 'Activo', 2.20, 24, 10),
    (13, 'Jaye', '2022-06-16', 'F', 'Manchado', 'Mascota sana', 'Activo', 8.00, 70, 3),
    (14, 'Flin', '2022-10-17', 'F', 'Gris', 'Sin antecedentes relevantes', 'Inactivo', 4.10, 86, 1),
    (15, 'Glenda', '2023-02-14', 'F', 'Gris', 'Mascota sana', 'Activo', 7.40, 1, 10),
    (16, 'Felicia', '2024-10-26', 'M', 'Manchado', 'Esquema de vacunación completo', 'Inactivo', 5.40, 94, 6),
    (17, 'Harmon', '2018-01-31', 'F', 'Manchado', 'Requiere control de peso de forma urgente', 'Activo', 8.30, 45, 7),
    (18, 'Lilyan', '2018-07-30', 'M', 'Negro', 'Requiere control de peso de forma urgente', 'Inactivo', 5.10, 54, 7),
    (19, 'Robena', '2018-01-11', 'M', 'Manchado', 'Presenta alergias leves', 'Activo', 3.90, 13, 6),
    (20, 'Vin', '2025-07-22', 'F', 'Negro', 'Requiere control de peso de forma urgente', 'Inactivo', 6.00, 3, 5),
    (21, 'See', '2022-07-13', 'F', 'Negro', 'Presenta alergias leves', 'Activo', 4.40, 57, 9),
    (22, 'Ed', '2019-04-29', 'F', 'Blanco', 'Mascota sana', 'Activo', 2.10, 67, 1),
    (23, 'Sharlene', '2020-05-31', 'F', 'Manchado', 'Requiere control de peso de forma urgente', 'Inactivo', 8.60, 13, 11),
    (24, 'Harley', '2025-07-30', 'F', 'Blanco', 'Presenta alergias leves', 'Inactivo', 4.30, 14, 8),
    (25, 'Leeanne', '2019-08-02', 'M', 'Negro', 'Esquema de vacunación completo', 'Inactivo', 9.00, 79, 7),
    (26, 'Jeanie', '2019-03-31', 'F', 'Blanco', 'Presenta alergias leves', 'Inactivo', 4.10, 46, 1),
    (27, 'Keith', '2024-07-01', 'F', 'Café', 'Presenta alergias leves', 'Inactivo', 8.40, 75, 4),
    (28, 'Boyce', '2023-05-08', 'F', 'Café', 'Esquema de vacunación completo', 'Inactivo', 5.10, 60, 8),
    (29, 'Alida', '2020-03-17', 'F', 'Negro', 'Sin antecedentes relevantes', 'Inactivo', 5.30, 4, 1),
    (30, 'Cherri', '2018-05-28', 'M', 'Blanco', 'Presenta alergias leves', 'Inactivo', 3.10, 77, 1),
    (31, 'Pippy', '2020-03-30', 'F', 'Manchado', 'Requiere control de peso de forma urgente', 'Inactivo', 5.20, 64, 1),
    (32, 'Dimitri', '2019-10-13', 'M', 'Manchado', 'Sin antecedentes relevantes', 'Activo', 9.30, 63, 6),
    (33, 'Moore', '2022-01-14', 'F', 'Negro', 'Sin antecedentes relevantes', 'Activo', 9.90, 16, 11),
    (34, 'Morgen', '2024-10-24', 'F', 'Blanco', 'Presenta alergias leves', 'Inactivo', 1.70, 84, 4),
    (35, 'Jarvis', '2026-05-16', 'M', 'Manchado', 'Mascota sana', 'Inactivo', 7.90, 3, 9),
    (36, 'Silas', '2024-01-27', 'M', 'Blanco', 'Presenta alergias leves', 'Activo', 3.70, 13, 5),
    (37, 'Ritchie', '2025-05-24', 'M', 'Gris', 'Esquema de vacunación completo', 'Activo', 6.60, 22, 3),
    (38, 'Emmott', '2023-12-27', 'F', 'Blanco', 'Mascota sana', 'Inactivo', 7.70, 23, 6),
    (39, 'Matthus', '2020-02-19', 'M', 'Manchado', 'Sin antecedentes relevantes', 'Activo', 7.30, 82, 6),
    (40, 'Henrie', '2026-03-29', 'M', 'Manchado', 'Requiere control de peso de forma urgente', 'Inactivo', 9.40, 50, 3),
    (41, 'Anya', '2024-07-04', 'M', 'Café', 'Presenta alergias leves', 'Inactivo', 2.00, 52, 7),
    (42, 'Ulrika', '2019-08-28', 'M', 'Blanco', 'Sin antecedentes relevantes', 'Activo', 3.30, 11, 10),
    (43, 'Roth', '2021-11-01', 'F', 'Café', 'Requiere control de peso de forma urgente', 'Inactivo', 3.30, 42, 5),
    (44, 'Jamie', '2018-07-08', 'F', 'Manchado', 'Esquema de vacunación completo', 'Activo', 6.20, 42, 4),
    (45, 'Catrina', '2024-10-08', 'M', 'Manchado', 'Esquema de vacunación completo', 'Activo', 3.50, 20, 10),
    (46, 'Del', '2018-10-14', 'F', 'Café', 'Sin antecedentes relevantes', 'Inactivo', 8.00, 14, 4),
    (47, 'Derrick', '2022-11-22', 'F', 'Blanco', 'Presenta alergias leves', 'Activo', 4.60, 4, 8),
    (48, 'Rhiamon', '2021-08-16', 'F', 'Manchado', 'Sin antecedentes relevantes', 'Activo', 7.00, 69, 11),
    (49, 'Hillary', '2022-04-17', 'M', 'Café', 'Esquema de vacunación completo', 'Activo', 4.30, 86, 1),
    (50, 'Colan', '2022-01-15', 'F', 'Manchado', 'Mascota sana', 'Inactivo', 8.90, 40, 6),
    (51, 'Osmond', '2019-08-07', 'F', 'Blanco', 'Presenta alergias leves', 'Activo', 4.50, 95, 7),
    (52, 'Heidie', '2026-01-27', 'M', 'Manchado', 'Presenta alergias leves', 'Activo', 3.70, 36, 4),
    (53, 'Bobbette', '2024-06-09', 'F', 'Blanco', 'Sin antecedentes relevantes', 'Inactivo', 2.80, 64, 6),
    (54, 'Henrie', '2022-09-07', 'M', 'Manchado', 'Sin antecedentes relevantes', 'Activo', 4.70, 29, 8),
    (55, 'Garvin', '2020-08-27', 'F', 'Gris', 'Esquema de vacunación completo', 'Inactivo', 8.50, 15, 11),
    (56, 'Verile', '2024-07-23', 'F', 'Manchado', 'Esquema de vacunación completo', 'Inactivo', 1.00, 49, 6),
    (57, 'Rocky', '2024-03-30', 'M', 'Manchado', 'Presenta alergias leves', 'Inactivo', 1.20, 3, 11),
    (58, 'Kennett', '2018-12-24', 'M', 'Gris', 'Requiere control de peso de forma urgente', 'Inactivo', 1.20, 48, 6),
    (59, 'Maegan', '2023-01-01', 'F', 'Manchado', 'Sin antecedentes relevantes', 'Activo', 1.50, 26, 5),
    (60, 'Coretta', '2023-10-24', 'F', 'Café', 'Sin antecedentes relevantes', 'Activo', 3.40, 90, 5),
    (61, 'Stevie', '2020-01-16', 'M', 'Gris', 'Esquema de vacunación completo', 'Activo', 8.70, 12, 6),
    (62, 'Nicki', '2023-01-24', 'F', 'Negro', 'Sin antecedentes relevantes', 'Inactivo', 5.60, 100, 1),
    (63, 'Say', '2023-04-03', 'M', 'Manchado', 'Mascota sana', 'Activo', 7.90, 98, 10),
    (64, 'Timmy', '2021-10-18', 'F', 'Manchado', 'Requiere control de peso de forma urgente', 'Inactivo', 5.30, 80, 9),
    (65, 'Merill', '2024-11-21', 'F', 'Negro', 'Esquema de vacunación completo', 'Inactivo', 2.70, 72, 10),
    (66, 'Sayre', '2025-02-22', 'F', 'Gris', 'Mascota sana', 'Inactivo', 1.40, 16, 3),
    (67, 'Lovell', '2019-01-11', 'M', 'Negro', 'Sin antecedentes relevantes', 'Inactivo', 3.50, 83, 1),
    (68, 'Merrill', '2019-10-04', 'M', 'Manchado', 'Requiere control de peso de forma urgente', 'Activo', 10.00, 23, 1),
    (69, 'Farah', '2018-03-04', 'F', 'Café', 'Esquema de vacunación completo', 'Inactivo', 8.50, 45, 4),
    (70, 'Augusta', '2021-12-17', 'F', 'Blanco', 'Esquema de vacunación completo', 'Inactivo', 4.90, 78, 8),
    (71, 'Mureil', '2024-06-24', 'F', 'Café', 'Presenta alergias leves', 'Inactivo', 6.40, 31, 4),
    (72, 'Bil', '2023-03-31', 'F', 'Café', 'Sin antecedentes relevantes', 'Inactivo', 1.60, 18, 11),
    (73, 'Allix', '2020-06-09', 'M', 'Blanco', 'Esquema de vacunación completo', 'Inactivo', 9.00, 8, 1),
    (74, 'Rosemarie', '2023-07-20', 'M', 'Gris', 'Presenta alergias leves', 'Inactivo', 9.20, 32, 3),
    (75, 'Addie', '2025-11-10', 'M', 'Manchado', 'Presenta alergias leves', 'Activo', 1.30, 24, 1),
    (76, 'Giana', '2019-08-05', 'M', 'Gris', 'Presenta alergias leves', 'Inactivo', 3.40, 60, 7),
    (77, 'Stafford', '2024-01-11', 'M', 'Manchado', 'Esquema de vacunación completo', 'Inactivo', 8.20, 18, 10),
    (78, 'Lonnard', '2025-09-22', 'M', 'Blanco', 'Esquema de vacunación completo', 'Activo', 9.30, 29, 6),
    (79, 'Laurel', '2023-10-18', 'F', 'Gris', 'Esquema de vacunación completo', 'Inactivo', 6.00, 9, 8),
    (80, 'Janie', '2021-08-21', 'F', 'Café', 'Requiere control de peso de forma urgente', 'Activo', 7.10, 42, 6),
    (81, 'Henrieta', '2022-08-20', 'F', 'Blanco', 'Sin antecedentes relevantes', 'Activo', 6.20, 69, 3),
    (82, 'Lisbeth', '2023-02-08', 'M', 'Gris', 'Mascota sana', 'Inactivo', 3.40, 21, 6),
    (83, 'Crosby', '2021-09-03', 'F', 'Negro', 'Requiere control de peso de forma urgente', 'Inactivo', 2.80, 21, 10),
    (84, 'Arnoldo', '2023-09-10', 'M', 'Negro', 'Esquema de vacunación completo', 'Activo', 1.80, 23, 4),
    (85, 'Aylmar', '2023-05-04', 'M', 'Negro', 'Requiere control de peso de forma urgente', 'Activo', 3.10, 92, 4),
    (86, 'Kimbell', '2022-01-15', 'F', 'Manchado', 'Sin antecedentes relevantes', 'Inactivo', 2.50, 59, 3),
    (87, 'Arabelle', '2024-01-28', 'M', 'Gris', 'Sin antecedentes relevantes', 'Activo', 7.50, 41, 1),
    (88, 'Felita', '2019-01-11', 'F', 'Gris', 'Esquema de vacunación completo', 'Inactivo', 8.30, 31, 6),
    (89, 'Katina', '2024-07-10', 'M', 'Manchado', 'Esquema de vacunación completo', 'Inactivo', 5.00, 24, 8),
    (90, 'Claudianus', '2019-07-07', 'F', 'Negro', 'Mascota sana', 'Inactivo', 8.60, 74, 11),
    (91, 'Pet', '2025-10-05', 'F', 'Gris', 'Requiere control de peso de forma urgente', 'Inactivo', 1.00, 79, 10),
    (92, 'Philbert', '2022-11-26', 'F', 'Gris', 'Esquema de vacunación completo', 'Activo', 7.70, 88, 10),
    (93, 'Viviana', '2022-05-15', 'M', 'Café', 'Presenta alergias leves', 'Inactivo', 5.70, 22, 1),
    (94, 'Boigie', '2020-04-03', 'F', 'Manchado', 'Esquema de vacunación completo', 'Inactivo', 3.50, 88, 4),
    (95, 'Ginger', '2024-11-25', 'F', 'Blanco', 'Esquema de vacunación completo', 'Activo', 1.10, 33, 8),
    (96, 'Wendel', '2024-01-07', 'M', 'Negro', 'Mascota sana', 'Inactivo', 8.10, 59, 9),
    (97, 'Cory', '2018-03-15', 'F', 'Manchado', 'Requiere control de peso de forma urgente', 'Inactivo', 4.70, 15, 8),
    (98, 'Prisca', '2024-09-01', 'F', 'Negro', 'Presenta alergias leves', 'Activo', 3.10, 74, 4),
    (99, 'Leah', '2025-05-01', 'F', 'Negro', 'Mascota sana', 'Inactivo', 5.10, 39, 10),
    (100, 'Michelina', '2026-01-08', 'M', 'Café', 'Sin antecedentes relevantes', 'Activo', 9.60, 33, 6),
    (101, 'Nico', '2018-01-01', 'M', 'Cafe', 'Requiere control periodico', 'Activo', 2.00, 101, 1),
    (102, 'Luna Nueva', '2019-02-02', 'F', 'Negro', 'Sin observaciones relevantes', 'Activo', 3.70, 102, 3),
    (103, 'Maximo', '2020-03-03', 'M', 'Blanco', 'Sin observaciones relevantes', 'Activo', 5.40, 103, 4),
    (104, 'Molly', '2021-04-04', 'F', 'Gris', 'Requiere control periodico', 'Activo', 7.10, 104, 5),
    (105, 'Toby Jr', '2022-05-05', 'M', 'Dorado', 'Sin observaciones relevantes', 'Activo', 8.80, 105, 6),
    (106, 'Canela Jr', '2023-06-06', 'F', 'Manchado', 'Sin observaciones relevantes', 'Activo', 10.50, 106, 7),
    (107, 'Bruma', '2024-07-07', 'M', 'Canela', 'Requiere control periodico', 'Activo', 12.20, 107, 8),
    (108, 'Rayo', '2018-08-08', 'F', 'Crema', 'Sin observaciones relevantes', 'Activo', 13.90, 108, 9),
    (109, 'Coco Jr', '2019-09-09', 'M', 'Cafe', 'Sin observaciones relevantes', 'Activo', 15.60, 109, 10),
    (110, 'Nina Jr', '2020-10-10', 'F', 'Negro', 'Requiere control periodico', 'Activo', 17.30, 110, 11),
    (111, 'Blue', '2021-11-11', 'M', 'Blanco', 'Sin observaciones relevantes', 'Activo', 19.00, 111, 1),
    (112, 'Nieve', '2022-12-12', 'F', 'Gris', 'Sin observaciones relevantes', 'Activo', 20.70, 112, 3),
    (113, 'Choco', '2023-01-13', 'M', 'Dorado', 'Requiere control periodico', 'Activo', 22.40, 113, 4),
    (114, 'Mila', '2024-02-14', 'F', 'Manchado', 'Sin observaciones relevantes', 'Activo', 24.10, 114, 5),
    (115, 'Bruno Jr', '2018-03-15', 'M', 'Canela', 'Sin observaciones relevantes', 'Activo', 25.80, 115, 6),
    (116, 'Kira Jr', '2019-04-16', 'F', 'Crema', 'Requiere control periodico', 'Activo', 27.50, 116, 7),
    (117, 'Dante', '2020-05-17', 'M', 'Cafe', 'Sin observaciones relevantes', 'Activo', 29.20, 117, 8),
    (118, 'Perla', '2021-06-18', 'F', 'Negro', 'Sin observaciones relevantes', 'Activo', 2.90, 118, 9),
    (119, 'Boby', '2022-07-19', 'M', 'Blanco', 'Requiere control periodico', 'Activo', 4.60, 119, 10),
    (120, 'Misha', '2023-08-20', 'F', 'Gris', 'Sin observaciones relevantes', 'Activo', 6.30, 120, 11),
    (121, 'Terry Jr', '2024-09-21', 'M', 'Dorado', 'Sin observaciones relevantes', 'Activo', 8.00, 121, 1),
    (122, 'Peca', '2018-10-22', 'F', 'Manchado', 'Requiere control periodico', 'Activo', 9.70, 122, 3),
    (123, 'Mango', '2019-11-23', 'M', 'Canela', 'Sin observaciones relevantes', 'Activo', 11.40, 123, 4),
    (124, 'Sombra', '2020-12-24', 'F', 'Crema', 'Sin observaciones relevantes', 'Activo', 13.10, 124, 5),
    (125, 'Doki', '2021-01-25', 'M', 'Cafe', 'Requiere control periodico', 'Activo', 14.80, 125, 6),
    (126, 'Lola Jr', '2022-02-01', 'F', 'Negro', 'Sin observaciones relevantes', 'Activo', 16.50, 126, 7),
    (127, 'Rex Jr', '2023-03-02', 'M', 'Blanco', 'Sin observaciones relevantes', 'Activo', 18.20, 127, 8),
    (128, 'Fito', '2024-04-03', 'F', 'Gris', 'Requiere control periodico', 'Activo', 19.90, 128, 9),
    (129, 'Daisy Jr', '2018-05-04', 'M', 'Dorado', 'Sin observaciones relevantes', 'Activo', 21.60, 129, 10),
    (130, 'Tita Jr', '2019-06-05', 'F', 'Manchado', 'Sin observaciones relevantes', 'Activo', 23.30, 130, 11);

INSERT INTO veterinario (id_veterinario, nombres, apellidos, sexo, correo, dui, licencia, telefono, direccion, estado_veterinario, id_especialidad) VALUES
    (1, 'Andrea', 'Lopez', 'F', 'andrea@outlook.com', '12345678-9', 'JVPMV-1205', '+503 7000-2222', 'Santa Tecla', 'Activo', 1),
    (2, 'Rocky', 'Baltzar', 'M', 'rocky.baltzar@gmail.com', '90123457-2', 'JVPMV-1001', '+503 7201-1201', 'Ciudad Arce', 'Inactivo', 3),
    (3, 'Derry', 'Enterle', 'M', 'derry.enterle@gmail.com', '90123458-3', 'JVPMV-1002', '+503 7202-1202', 'Antiguo Cuscatlán', 'Inactivo', 5),
    (4, 'Brittany', 'Brocking', 'F', 'brittany.brocking@outlook.com', '90123459-4', 'JVPMV-1003', '+503 7203-1203', 'Colonia Escalón Norte', 'Activo', 3),
    (5, 'Yulma', 'Writer', 'M', 'yulma.writer@outlook.com', '90123460-5', 'JVPMV-1004', '+503 7204-1204', 'Lourdes Colón', 'Inactivo', 3),
    (6, 'Merwyn', 'Pevreal', 'M', 'merwyn.pevreal@gmail.com', '90123461-6', 'JVPMV-1005', '+503 7205-1205', 'Residencial Cumbres de Cuscatlán', 'Inactivo', 6),
    (7, 'Katy', 'Everil', 'F', 'katy.everil@outlook.com', '90123462-7', 'JVPMV-1006', '+503 7206-1206', 'Colonia Escalón Norte', 'Activo', 5),
    (8, 'Melodee', 'Iamittii', 'F', 'melodee.iamittii@gmail.com', '90123463-8', 'JVPMV-1007', '+503 7207-1207', 'Residencial Ciudad Merliot', 'Inactivo', 6),
    (9, 'Malva', 'Runge', 'F', 'malva.runge@gmail.com', '90123464-9', 'JVPMV-1008', '+503 7208-1208', 'Colonia San Benito', 'Activo', 5),
    (10, 'Sydel', 'Gilder', 'F', 'sydel.gilder@gmail.com', '90123465-0', 'JVPMV-1009', '+503 7209-1209', 'Lourdes Colón', 'Inactivo', 4),
    (11, 'Abdel', 'Lamers', 'M', 'abdel.lamers@outlook.com', '91123456-1', 'JVPMV-1010', '+503 7210-1210', 'San Salvador', 'Activo', 3),
    (12, 'Everett', 'Ivanuschka', 'M', 'everett.ivanuschka@outlook.com', '91123457-2', 'JVPMV-1011', '+503 7211-1211', 'Ilopango', 'Activo', 6),
    (13, 'Jacky', 'Ingrey', 'F', 'jacky.ingrey@outlook.com', '91123458-3', 'JVPMV-1012', '+503 7212-1212', 'Colonia Flor Blanca', 'Inactivo', 3),
    (14, 'Gennifer', 'Sworder', 'F', 'gennifer.sworder@gmail.com', '91123459-4', 'JVPMV-1013', '+503 7213-1213', 'Residencial Cumbres de Cuscatlán', 'Activo', 2),
    (15, 'Alvie', 'McLarty', 'M', 'alvie.mclarty@gmail.com', '91123460-5', 'JVPMV-1014', '+503 7214-1214', 'Colonia Utila', 'Activo', 5),
    (16, 'Florian', 'Ellard', 'M', 'florian.ellard@outlook.com', '91123461-6', 'JVPMV-1015', '+503 7215-1215', 'Colonia Zacamil', 'Inactivo', 4),
    (17, 'Benoite', 'Blumer', 'F', 'benoite.blumer@gmail.com', '91123462-7', 'JVPMV-1016', '+503 7216-1216', 'Colonia San Benito', 'Activo', 2),
    (18, 'Griffin', 'Labat', 'M', 'griffin.labat@gmail.com', '91123463-8', 'JVPMV-1017', '+503 7217-1217', 'Apopa', 'Activo', 3),
    (19, 'Bordie', 'Goalby', 'M', 'bordie.goalby@gmail.com', '91123464-9', 'JVPMV-1018', '+503 7218-1218', 'Ciudad Arce', 'Inactivo', 6),
    (20, 'Jacques', 'Wharmby', 'M', 'jacques.wharmby@outlook.com', '91123465-0', 'JVPMV-1019', '+503 7219-1219', 'Colonia San Benito', 'Activo', 5),
    (21, 'Conny', 'Kiloh', 'F', 'conny.kiloh@outlook.com', '92123456-1', 'JVPMV-1020', '+503 7220-1220', 'Antiguo Cuscatlán', 'Activo', 1),
    (22, 'Curt', 'Heinschke', 'M', 'curt.heinschke@outlook.com', '92123457-2', 'JVPMV-1021', '+503 7221-1221', 'Residencial Ciudad Merliot', 'Inactivo', 1),
    (23, 'Brooke', 'Crawshay', 'F', 'brooke.crawshay@gmail.com', '92123458-3', 'JVPMV-1022', '+503 7222-1222', 'Colonia Escalón Norte', 'Inactivo', 4),
    (24, 'Mal', 'Halpen', 'M', 'mal.halpen@outlook.com', '92123459-4', 'JVPMV-1023', '+503 7223-1223', 'San Salvador', 'Activo', 2),
    (25, 'Ode', 'Metzel', 'M', 'ode.metzel@outlook.com', '92123460-5', 'JVPMV-1024', '+503 7224-1224', 'Colonia Zacamil', 'Inactivo', 3),
    (26, 'Hansiain', 'Batram', 'M', 'hansiain.batram@gmail.com', '92123461-6', 'JVPMV-1025', '+503 7225-1225', 'Residencial Ciudad Merliot', 'Inactivo', 6),
    (27, 'Rutledge', 'MacDuffie', 'M', 'rutledge.macduffie@gmail.com', '92123462-7', 'JVPMV-1026', '+503 7226-1226', 'Ciudad Arce', 'Activo', 6),
    (28, 'Jewell', 'Langworthy', 'F', 'jewell.langworthy@outlook.com', '92123463-8', 'JVPMV-1027', '+503 7227-1227', 'Colonia Escalón Norte', 'Inactivo', 5),
    (29, 'Billie', 'Koppen', 'M', 'billie.koppen@gmail.com', '92123464-9', 'JVPMV-1028', '+503 7228-1228', 'Urbanización Santa Elena', 'Activo', 3),
    (30, 'Terrell', 'Andreoletti', 'M', 'terrell.andreoletti@outlook.com', '92123465-0', 'JVPMV-1029', '+503 7229-1229', 'Antiguo Cuscatlán', 'Activo', 5),
    (31, 'Mercy', 'Hullot', 'F', 'mercy.hullot@gmail.com', '93123456-1', 'JVPMV-1030', '+503 7230-1230', 'Ilopango', 'Inactivo', 5),
    (32, 'Evangeline', 'Iannitti', 'F', 'evangeline.iannitti@outlook.com', '93123457-2', 'JVPMV-1031', '+503 7231-1231', 'Colonia Escalón Norte', 'Activo', 3),
    (33, 'Nat', 'Cordeiro', 'F', 'nat.cordeiro@gmail.com', '93123458-3', 'JVPMV-1032', '+503 7232-1232', 'Colonia Utila', 'Activo', 4),
    (34, 'Andra', 'Blandamore', 'F', 'andra.blandamore@gmail.com', '93123459-4', 'JVPMV-1033', '+503 7233-1233', 'Soyapango', 'Activo', 5),
    (35, 'Gabriele', 'Patrie', 'M', 'gabriele.patrie@outlook.com', '93123460-5', 'JVPMV-1034', '+503 7234-1234', 'Colonia Escalón Norte', 'Activo', 3),
    (36, 'Paloma', 'Deeks', 'F', 'paloma.deeks@gmail.com', '93123461-6', 'JVPMV-1035', '+503 7235-1235', 'Ilopango', 'Inactivo', 6),
    (37, 'Bertie', 'Punt', 'F', 'bertie.punt@outlook.com', '93123462-7', 'JVPMV-1036', '+503 7236-1236', 'Colonia San Benito', 'Inactivo', 5),
    (38, 'Letisha', 'Matkin', 'F', 'letisha.matkin@gmail.com', '93123463-8', 'JVPMV-1037', '+503 7237-1237', 'Colonia Escalón Norte', 'Inactivo', 5),
    (39, 'Borden', 'Tatum', 'M', 'borden.tatum@gmail.com', '93123464-9', 'JVPMV-1038', '+503 7238-1238', 'San Salvador', 'Inactivo', 2),
    (40, 'Morgen', 'Gopsell', 'M', 'morgen.gopsell@gmail.com', '93123465-0', 'JVPMV-1039', '+503 7239-1239', 'Residencial Altavista', 'Activo', 3),
    (41, 'Freda', 'Ellacott', 'F', 'freda.ellacott@outlook.com', '94123456-1', 'JVPMV-1040', '+503 7240-1240', 'Apopa', 'Activo', 6),
    (42, 'Stan', 'Boud', 'M', 'stan.boud@outlook.com', '94123457-2', 'JVPMV-1041', '+503 7241-1241', 'Antiguo Cuscatlán', 'Activo', 3),
    (43, 'Guillema', 'Verbruggen', 'F', 'guillema.verbruggen@outlook.com', '94123458-3', 'JVPMV-1042', '+503 7242-1242', 'Colonia Escalón Norte', 'Activo', 6),
    (44, 'Shanie', 'Le Breton De La Vieuville', 'F', 'shanie.le breton de la vieuville@gmail.com', '94123459-4', 'JVPMV-1043', '+503 7243-1243', 'Residencial Altavista', 'Activo', 6),
    (45, 'Reggis', 'Derrett', 'M', 'reggis.derrett@gmail.com', '94123460-5', 'JVPMV-1044', '+503 7244-1244', 'Residencial Ciudad Merliot', 'Inactivo', 6),
    (46, 'Thaddeus', 'O''Skehan', 'M', 'thaddeus.o''skehan@gmail.com', '94123461-6', 'JVPMV-1045', '+503 7245-1245', 'Residencial Ciudad Merliot', 'Activo', 4),
    (47, 'Christy', 'Bruggeman', 'M', 'christy.bruggeman@outlook.com', '94123462-7', 'JVPMV-1046', '+503 7246-1246', 'Colonia Miramonte', 'Activo', 4),
    (48, 'Homerus', 'Hedworth', 'M', 'homerus.hedworth@outlook.com', '94123463-8', 'JVPMV-1047', '+503 7247-1247', 'Ciudad Arce', 'Inactivo', 3),
    (49, 'Dunn', 'Childes', 'M', 'dunn.childes@outlook.com', '94123464-9', 'JVPMV-1048', '+503 7248-1248', 'Soyapango', 'Inactivo', 2),
    (50, 'Morgan', 'Jordon', 'M', 'morgan.jordon@outlook.com', '94123465-0', 'JVPMV-1049', '+503 7249-1249', 'Residencial Altavista', 'Activo', 1),
    (51, 'Nancee', 'Goodlife', 'F', 'nancee.goodlife@outlook.com', '95123456-1', 'JVPMV-1050', '+503 7250-1250', 'Antiguo Cuscatlán', 'Inactivo', 6),
    (52, 'Tedmund', 'Goudge', 'M', 'tedmund.goudge@gmail.com', '95123457-2', 'JVPMV-1051', '+503 7251-1251', 'Colonia Escalón Norte', 'Activo', 1),
    (53, 'Susy', 'Hussy', 'F', 'susy.hussy@outlook.com', '95123458-3', 'JVPMV-1052', '+503 7252-1252', 'Soyapango', 'Inactivo', 6),
    (54, 'Bette', 'Cassels', 'F', 'bette.cassels@outlook.com', '95123459-4', 'JVPMV-1053', '+503 7253-1253', 'Mejicanos', 'Activo', 6),
    (55, 'Cece', 'Cheverell', 'M', 'cece.cheverell@gmail.com', '95123460-5', 'JVPMV-1054', '+503 7254-1254', 'San Salvador', 'Inactivo', 4),
    (56, 'Michal', 'Dukelow', 'M', 'michal.dukelow@gmail.com', '95123461-6', 'JVPMV-1055', '+503 7255-1255', 'Colonia Escalón Norte', 'Inactivo', 1),
    (57, 'Cobb', 'Pulley', 'M', 'cobb.pulley@gmail.com', '95123462-7', 'JVPMV-1056', '+503 7256-1256', 'Colonia Escalón', 'Activo', 6),
    (58, 'Ignazio', 'Rudolph', 'M', 'ignazio.rudolph@gmail.com', '95123463-8', 'JVPMV-1057', '+503 7257-1257', 'Apopa', 'Inactivo', 3),
    (59, 'Cyrus', 'Wooffitt', 'M', 'cyrus.wooffitt@outlook.com', '95123464-9', 'JVPMV-1058', '+503 7258-1258', 'Colonia Utila', 'Inactivo', 1),
    (60, 'Jane', 'Maker', 'F', 'jane.maker@outlook.com', '95123465-0', 'JVPMV-1059', '+503 7259-1259', 'Colonia San Benito', 'Inactivo', 4),
    (61, 'Brinn', 'Vouls', 'F', 'brinn.vouls@outlook.com', '96123456-1', 'JVPMV-1060', '+503 7260-1260', 'Ciudad Arce', 'Activo', 5),
    (62, 'Kennett', 'Casin', 'M', 'kennett.casin@outlook.com', '96123457-2', 'JVPMV-1061', '+503 7261-1261', 'Colonia Escalón Norte', 'Activo', 1),
    (63, 'Siobhan', 'Clemo', 'F', 'siobhan.clemo@outlook.com', '96123458-3', 'JVPMV-1062', '+503 7262-1262', 'Soyapango', 'Activo', 4),
    (64, 'Timothy', 'Fehner', 'M', 'timothy.fehner@outlook.com', '96123459-4', 'JVPMV-1063', '+503 7263-1263', 'Colonia Miramonte', 'Inactivo', 5),
    (65, 'Blisse', 'Hellyar', 'F', 'blisse.hellyar@gmail.com', '96123460-5', 'JVPMV-1064', '+503 7264-1264', 'Urbanización Santa Elena', 'Activo', 4),
    (66, 'Micah', 'Radband', 'M', 'micah.radband@gmail.com', '96123461-6', 'JVPMV-1065', '+503 7265-1265', 'Santa Tecla', 'Inactivo', 2),
    (67, 'Ainslie', 'Jouhning', 'F', 'ainslie.jouhning@gmail.com', '96123462-7', 'JVPMV-1066', '+503 7266-1266', 'Colonia Escalón', 'Activo', 4),
    (68, 'Rafaelia', 'Knighton', 'F', 'rafaelia.knighton@gmail.com', '96123463-8', 'JVPMV-1067', '+503 7267-1267', 'Urbanización Santa Elena', 'Activo', 2),
    (69, 'Stormi', 'Puleque', 'F', 'stormi.puleque@gmail.com', '96123464-9', 'JVPMV-1068', '+503 7268-1268', 'Residencial Cumbres de Cuscatlán', 'Activo', 2),
    (70, 'Kimberlee', 'Ellerby', 'F', 'kimberlee.ellerby@outlook.com', '96123465-0', 'JVPMV-1069', '+503 7269-1269', 'Ciudad Arce', 'Activo', 5),
    (71, 'Sherie', 'Bothen', 'F', 'sherie.bothen@outlook.com', '97123456-1', 'JVPMV-1070', '+503 7270-1270', 'Colonia Utila', 'Inactivo', 6),
    (72, 'Vivianne', 'Ditt', 'F', 'vivianne.ditt@outlook.com', '97123457-2', 'JVPMV-1071', '+503 7271-1271', 'Mejicanos', 'Inactivo', 6),
    (73, 'Godiva', 'Wilstead', 'F', 'godiva.wilstead@outlook.com', '97123458-3', 'JVPMV-1072', '+503 7272-1272', 'Soyapango', 'Inactivo', 2),
    (74, 'Cullie', 'Padwick', 'M', 'cullie.padwick@outlook.com', '97123459-4', 'JVPMV-1073', '+503 7273-1273', 'Residencial Ciudad Merliot', 'Activo', 4),
    (75, 'Jerrie', 'Hassey', 'M', 'jerrie.hassey@gmail.com', '97123460-5', 'JVPMV-1074', '+503 7274-1274', 'Residencial Ciudad Merliot', 'Inactivo', 1),
    (76, 'Marysa', 'Hanbury', 'F', 'marysa.hanbury@gmail.com', '97123461-6', 'JVPMV-1075', '+503 7275-1275', 'Ciudad Arce', 'Activo', 5),
    (77, 'Verena', 'Tizard', 'F', 'verena.tizard@outlook.com', '97123462-7', 'JVPMV-1076', '+503 7276-1276', 'Ilopango', 'Activo', 3),
    (78, 'Tades', 'Ellerman', 'M', 'tades.ellerman@gmail.com', '97123463-8', 'JVPMV-1077', '+503 7277-1277', 'Colonia Flor Blanca', 'Inactivo', 3),
    (79, 'Kizzie', 'Keneforde', 'F', 'kizzie.keneforde@gmail.com', '97123464-9', 'JVPMV-1078', '+503 7278-1278', 'Apopa', 'Activo', 2),
    (80, 'Anatollo', 'Parkin', 'M', 'anatollo.parkin@gmail.com', '97123465-0', 'JVPMV-1079', '+503 7279-1279', 'Ilopango', 'Inactivo', 1),
    (81, 'Blanca', 'Gay', 'F', 'blanca.gay@outlook.com', '98123456-1', 'JVPMV-1080', '+503 7280-1280', 'Antiguo Cuscatlán', 'Activo', 5),
    (82, 'Alaric', 'Iredell', 'M', 'alaric.iredell@outlook.com', '98123457-2', 'JVPMV-1081', '+503 7281-1281', 'San Salvador', 'Inactivo', 6),
    (83, 'Tad', 'Kohter', 'M', 'tad.kohter@gmail.com', '98123458-3', 'JVPMV-1082', '+503 7282-1282', 'Ciudad Arce', 'Inactivo', 3),
    (84, 'Nanny', 'Weld', 'F', 'nanny.weld@outlook.com', '98123459-4', 'JVPMV-1083', '+503 7283-1283', 'Lourdes Colón', 'Inactivo', 5),
    (85, 'Hilda', 'Chesterman', 'F', 'hilda.chesterman@gmail.com', '98123460-5', 'JVPMV-1084', '+503 7284-1284', 'Apopa', 'Activo', 3),
    (86, 'Dillie', 'Tothacot', 'M', 'dillie.tothacot@gmail.com', '98123461-6', 'JVPMV-1085', '+503 7285-1285', 'Colonia San Benito', 'Activo', 2),
    (87, 'Hesther', 'Kingstne', 'F', 'hesther.kingstne@outlook.com', '98123462-7', 'JVPMV-1086', '+503 7286-1286', 'Colonia Flor Blanca', 'Inactivo', 1),
    (88, 'Farlie', 'Rozzell', 'M', 'farlie.rozzell@gmail.com', '98123463-8', 'JVPMV-1087', '+503 7287-1287', 'San Salvador', 'Activo', 1),
    (89, 'Baron', 'Florence', 'M', 'baron.florence@gmail.com', '98123464-9', 'JVPMV-1088', '+503 7288-1288', 'Residencial Cumbres de Cuscatlán', 'Activo', 5),
    (90, 'Glad', 'Worms', 'F', 'glad.worms@outlook.com', '98123465-0', 'JVPMV-1089', '+503 7289-1289', 'Urbanización Santa Elena', 'Activo', 3),
    (91, 'Rafa', 'Raulston', 'F', 'rafa.raulston@outlook.com', '99123456-1', 'JVPMV-1090', '+503 7290-1290', 'Colonia Flor Blanca', 'Inactivo', 5),
    (92, 'Fonsie', 'Lovelady', 'M', 'fonsie.lovelady@outlook.com', '99123457-2', 'JVPMV-1091', '+503 7291-1291', 'Colonia Escalón Norte', 'Inactivo', 6),
    (93, 'Barn', 'Marre', 'M', 'barn.marre@gmail.com', '99123458-3', 'JVPMV-1092', '+503 7292-1292', 'Residencial Cumbres de Cuscatlán', 'Inactivo', 3),
    (94, 'Giffie', 'Lay', 'M', 'giffie.lay@outlook.com', '99123459-4', 'JVPMV-1093', '+503 7293-1293', 'Colonia Flor Blanca', 'Activo', 3),
    (95, 'Roana', 'Earngy', 'F', 'roana.earngy@outlook.com', '99123460-5', 'JVPMV-1094', '+503 7294-1294', 'Urbanización Santa Elena', 'Activo', 2),
    (96, 'Clark', 'Bosket', 'M', 'clark.bosket@outlook.com', '99123461-6', 'JVPMV-1095', '+503 7295-1295', 'San Salvador', 'Activo', 2),
    (97, 'Ramona', 'Thoday', 'F', 'ramona.thoday@outlook.com', '99123462-7', 'JVPMV-1096', '+503 7296-1296', 'Colonia Miramonte', 'Activo', 6),
    (98, 'Mariele', 'Jerdan', 'F', 'mariele.jerdan@outlook.com', '99123463-8', 'JVPMV-1097', '+503 7297-1297', 'Colonia Utila', 'Inactivo', 1),
    (99, 'Fidelity', 'Zettler', 'F', 'fidelity.zettler@outlook.com', '99123464-9', 'JVPMV-1098', '+503 7298-1298', 'Ciudad Arce', 'Activo', 5),
    (100, 'Robinet', 'Pantecost', 'M', 'robinet.pantecost@outlook.com', '99123465-0', 'JVPMV-1099', '+503 7299-1299', 'Colonia Zacamil', 'Inactivo', 4),
    (101, 'Martin', 'Burgos', 'M', 'vet.martin.101@outlook.com', '90200101-5', 'JVPMV-1401', '+503 7400-2300', 'Sede veterinaria complementaria 1', 'Activo', 1),
    (102, 'Luciana', 'Amaya', 'F', 'vet.luciana.102@gmail.com', '90200102-6', 'JVPMV-1402', '+503 7401-2301', 'Sede veterinaria complementaria 2', 'Activo', 2),
    (103, 'Gustavo', 'Yanes', 'M', 'vet.gustavo.103@outlook.com', '90200103-7', 'JVPMV-1403', '+503 7402-2302', 'Sede veterinaria complementaria 3', 'Activo', 3),
    (104, 'Adriana', 'Ticas', 'F', 'vet.adriana.104@gmail.com', '90200104-8', 'JVPMV-1404', '+503 7403-2303', 'Sede veterinaria complementaria 4', 'Activo', 4),
    (105, 'Emilio', 'Soriano', 'M', 'vet.emilio.105@outlook.com', '90200105-9', 'JVPMV-1405', '+503 7404-2304', 'Sede veterinaria complementaria 5', 'Activo', 5),
    (106, 'Renata', 'Rendon', 'F', 'vet.renata.106@gmail.com', '90200106-0', 'JVPMV-1406', '+503 7405-2305', 'Sede veterinaria complementaria 6', 'Activo', 6),
    (107, 'Kevin', 'Paz', 'M', 'vet.kevin.107@outlook.com', '90200107-1', 'JVPMV-1407', '+503 7406-2306', 'Sede veterinaria complementaria 7', 'Activo', 1),
    (108, 'Fabiola', 'Menjivar', 'F', 'vet.fabiola.108@gmail.com', '90200108-2', 'JVPMV-1408', '+503 7407-2307', 'Sede veterinaria complementaria 8', 'Activo', 2),
    (109, 'Nelson', 'Hidalgo', 'M', 'vet.nelson.109@outlook.com', '90200109-3', 'JVPMV-1409', '+503 7408-2308', 'Sede veterinaria complementaria 9', 'Activo', 3),
    (110, 'Jimena', 'Guardado', 'F', 'vet.jimena.110@gmail.com', '90200110-4', 'JVPMV-1410', '+503 7409-2309', 'Sede veterinaria complementaria 10', 'Activo', 4),
    (111, 'Victor', 'Erazo', 'M', 'vet.victor.111@outlook.com', '90200111-5', 'JVPMV-1411', '+503 7410-2310', 'Sede veterinaria complementaria 11', 'Activo', 5),
    (112, 'Marcela', 'Duarte', 'F', 'vet.marcela.112@gmail.com', '90200112-6', 'JVPMV-1412', '+503 7411-2311', 'Sede veterinaria complementaria 12', 'Activo', 6),
    (113, 'Cristian', 'Carias', 'M', 'vet.cristian.113@outlook.com', '90200113-7', 'JVPMV-1413', '+503 7412-2312', 'Sede veterinaria complementaria 13', 'Activo', 1),
    (114, 'Rocio', 'Baires', 'F', 'vet.rocio.114@gmail.com', '90200114-8', 'JVPMV-1414', '+503 7413-2313', 'Sede veterinaria complementaria 14', 'Activo', 2),
    (115, 'Mauricio', 'Alas', 'M', 'vet.mauricio.115@outlook.com', '90200115-9', 'JVPMV-1415', '+503 7414-2314', 'Sede veterinaria complementaria 15', 'Activo', 3),
    (116, 'Lorena', 'Zepeda', 'F', 'vet.lorena.116@gmail.com', '90200116-0', 'JVPMV-1416', '+503 7415-2315', 'Sede veterinaria complementaria 16', 'Activo', 4),
    (117, 'Adrian', 'Vides', 'M', 'vet.adrian.117@outlook.com', '90200117-1', 'JVPMV-1417', '+503 7416-2316', 'Sede veterinaria complementaria 17', 'Activo', 5),
    (118, 'Carmen', 'Tobar', 'F', 'vet.carmen.118@gmail.com', '90200118-2', 'JVPMV-1418', '+503 7417-2317', 'Sede veterinaria complementaria 18', 'Activo', 6),
    (119, 'Julio', 'Sosa', 'M', 'vet.julio.119@outlook.com', '90200119-3', 'JVPMV-1419', '+503 7418-2318', 'Sede veterinaria complementaria 19', 'Activo', 1),
    (120, 'Paola', 'Rodas', 'F', 'vet.paola.120@gmail.com', '90200120-4', 'JVPMV-1420', '+503 7419-2319', 'Sede veterinaria complementaria 20', 'Activo', 2),
    (121, 'Pablo', 'Oliva', 'M', 'vet.pablo.121@outlook.com', '90200121-5', 'JVPMV-1421', '+503 7420-2320', 'Sede veterinaria complementaria 21', 'Activo', 3),
    (122, 'Iris', 'Mendoza', 'F', 'vet.iris.122@gmail.com', '90200122-6', 'JVPMV-1422', '+503 7421-2321', 'Sede veterinaria complementaria 22', 'Activo', 4),
    (123, 'Gerson', 'Linares', 'M', 'vet.gerson.123@outlook.com', '90200123-7', 'JVPMV-1423', '+503 7422-2322', 'Sede veterinaria complementaria 23', 'Activo', 5),
    (124, 'Ximena', 'Guillen', 'F', 'vet.ximena.124@gmail.com', '90200124-8', 'JVPMV-1424', '+503 7423-2323', 'Sede veterinaria complementaria 24', 'Activo', 6),
    (125, 'Ernesto', 'Funes', 'M', 'vet.ernesto.125@outlook.com', '90200125-9', 'JVPMV-1425', '+503 7424-2324', 'Sede veterinaria complementaria 25', 'Activo', 1),
    (126, 'Gloria', 'Diaz', 'F', 'vet.gloria.126@gmail.com', '90200126-0', 'JVPMV-1426', '+503 7425-2325', 'Sede veterinaria complementaria 26', 'Activo', 2),
    (127, 'Samuel', 'Cabrera', 'M', 'vet.samuel.127@outlook.com', '90200127-1', 'JVPMV-1427', '+503 7426-2326', 'Sede veterinaria complementaria 27', 'Activo', 3),
    (128, 'Marta', 'Barrera', 'F', 'vet.marta.128@gmail.com', '90200128-2', 'JVPMV-1428', '+503 7427-2327', 'Sede veterinaria complementaria 28', 'Activo', 4),
    (129, 'Ivan', 'Portillo', 'M', 'vet.ivan.129@outlook.com', '90200129-3', 'JVPMV-1429', '+503 7428-2328', 'Sede veterinaria complementaria 29', 'Activo', 5),
    (130, 'Sara', 'Zamora', 'F', 'vet.sara.130@gmail.com', '90200130-4', 'JVPMV-1430', '+503 7429-2329', 'Sede veterinaria complementaria 30', 'Activo', 6);

INSERT INTO medicamento (id_medicamento, nombre_medicamento, tipo_medicamento, descripcion_medicamento, precio_medicamento, estado_medicamento) VALUES
    (1, 'Amoxicilina', 'Antibiotico', 'Antibiotico de amplio espectro', 5.00, 'Activo'),
    (2, 'Cefalexina', 'Antibiotico', 'Antibiotico para infecciones bacterianas', 6.50, 'Activo'),
    (3, 'Metronidazol', 'Antibiotico', 'Tratamiento gastrointestinal bacteriano', 4.75, 'Activo'),
    (4, 'Doxiciclina', 'Antibiotico', 'Antibiotico para infecciones respiratorias', 7.20, 'Activo'),
    (5, 'Enrofloxacina', 'Antibiotico', 'Antibiotico de uso veterinario', 8.30, 'Activo'),
    (6, 'Clindamicina', 'Antibiotico', 'Antibiotico para infecciones dentales y tejidos blandos', 7.80, 'Activo'),
    (7, 'Gentamicina', 'Antibiotico', 'Antibiotico de uso oftalmico y sistemico', 6.90, 'Activo'),
    (8, 'Azitromicina', 'Antibiotico', 'Antibiotico para infecciones respiratorias', 8.40, 'Activo'),
    (9, 'Penicilina G', 'Antibiotico', 'Antibiotico inyectable de uso veterinario', 5.60, 'Activo'),
    (10, 'Tilosina', 'Antibiotico', 'Antibiotico usado en infecciones respiratorias', 7.10, 'Activo'),
    (11, 'Meloxicam', 'Antiinflamatorio', 'Antiinflamatorio y analgesico', 7.25, 'Activo'),
    (12, 'Carprofeno', 'Antiinflamatorio', 'Tratamiento para dolor articular', 8.00, 'Activo'),
    (13, 'Prednisolona', 'Antiinflamatorio', 'Antiinflamatorio esteroideo', 6.80, 'Activo'),
    (14, 'Dexametasona', 'Antiinflamatorio', 'Corticoide de uso veterinario', 6.20, 'Activo'),
    (15, 'Ketoprofeno', 'Antiinflamatorio', 'Antiinflamatorio para dolor e inflamacion', 7.75, 'Activo'),
    (16, 'Firocoxib', 'Antiinflamatorio', 'Antiinflamatorio para dolor cronico', 9.60, 'Activo'),
    (17, 'Flunixin Meglumina', 'Antiinflamatorio', 'Antiinflamatorio de uso veterinario', 8.90, 'Activo'),
    (18, 'Triamcinolona', 'Antiinflamatorio', 'Corticoide para alergias e inflamacion', 7.40, 'Activo'),
    (19, 'Tramadol', 'Analgesico', 'Analgesico para dolor moderado', 9.25, 'Activo'),
    (20, 'Dipirona Veterinaria', 'Analgesico', 'Analgesico y antipiretico', 3.90, 'Activo'),
    (21, 'Buprenorfina', 'Analgesico', 'Analgesico para dolor agudo', 10.50, 'Activo'),
    (22, 'Gabapentina', 'Analgesico', 'Analgesico para dolor neuropatico', 8.70, 'Activo'),
    (23, 'Lidocaina', 'Analgesico', 'Anestesico local', 4.90, 'Activo'),
    (24, 'Bupivacaina', 'Analgesico', 'Anestesico local de accion prolongada', 5.70, 'Activo'),
    (25, 'Paracetamol Veterinario', 'Analgesico', 'Analgesico de uso veterinario controlado', 4.30, 'Activo'),
    (26, 'Butorfanol', 'Analgesico', 'Analgesico para procedimientos clinicos', 9.90, 'Activo'),
    (27, 'Ivermectina', 'Antiparasitario', 'Control de parasitos internos y externos', 4.25, 'Activo'),
    (28, 'Praziquantel', 'Antiparasitario', 'Tratamiento contra parasitos intestinales', 5.75, 'Activo'),
    (29, 'Albendazol', 'Antiparasitario', 'Desparasitante de amplio espectro', 4.00, 'Activo'),
    (30, 'Selamectina', 'Antiparasitario', 'Control de pulgas y acaros', 8.50, 'Activo'),
    (31, 'Fenbendazol', 'Antiparasitario', 'Desparasitante intestinal', 4.80, 'Activo'),
    (32, 'Pyrantel', 'Antiparasitario', 'Antiparasitario contra nematodos', 5.10, 'Activo'),
    (33, 'Fipronil', 'Antiparasitario', 'Control externo de pulgas y garrapatas', 6.60, 'Activo'),
    (34, 'Fluralaner', 'Antiparasitario', 'Antiparasitario externo de larga duracion', 11.50, 'Activo'),
    (35, 'Sarolaner', 'Antiparasitario', 'Control de pulgas y garrapatas', 10.80, 'Activo'),
    (36, 'Milbemicina Oxima', 'Antiparasitario', 'Prevencion de parasitos internos', 9.40, 'Activo'),
    (37, 'Vacuna Rabia', 'Vacuna', 'Vacuna antirrabica', 12.00, 'Activo'),
    (38, 'Vacuna Multiple Canina', 'Vacuna', 'Vacuna preventiva canina', 18.00, 'Activo'),
    (39, 'Vacuna Triple Felina', 'Vacuna', 'Vacuna preventiva felina', 16.00, 'Activo'),
    (40, 'Vacuna Leucemia Felina', 'Vacuna', 'Vacuna preventiva felina', 17.50, 'Activo'),
    (41, 'Vacuna Bordetella', 'Vacuna', 'Vacuna contra tos de las perreras', 15.25, 'Activo'),
    (42, 'Vacuna Parvovirus', 'Vacuna', 'Vacuna preventiva canina', 14.75, 'Activo'),
    (43, 'Vacuna Moquillo', 'Vacuna', 'Vacuna preventiva contra distemper', 15.50, 'Activo'),
    (44, 'Vacuna Leptospirosis', 'Vacuna', 'Vacuna preventiva canina', 16.25, 'Activo'),
    (45, 'Vacuna Panleucopenia', 'Vacuna', 'Vacuna preventiva felina', 15.90, 'Activo'),
    (46, 'Vacuna Calicivirus Felino', 'Vacuna', 'Vacuna preventiva felina', 16.40, 'Activo'),
    (47, 'Complejo B', 'Vitamina', 'Suplemento vitaminico', 3.25, 'Activo'),
    (48, 'Vitamina C', 'Vitamina', 'Apoyo al sistema inmune', 2.75, 'Activo'),
    (49, 'Calcio Veterinario', 'Vitamina', 'Suplemento mineral', 4.40, 'Activo'),
    (50, 'Omega 3 Veterinario', 'Vitamina', 'Suplemento para piel y pelaje', 6.30, 'Activo'),
    (51, 'Multivitaminico Canino', 'Vitamina', 'Suplemento general para perros', 5.80, 'Activo'),
    (52, 'Multivitaminico Felino', 'Vitamina', 'Suplemento general para gatos', 5.95, 'Activo'),
    (53, 'Hierro Veterinario', 'Vitamina', 'Suplemento para anemia', 4.60, 'Activo'),
    (54, 'Glucosamina', 'Vitamina', 'Suplemento articular', 7.70, 'Activo'),
    (55, 'Condroitina', 'Vitamina', 'Suplemento para articulaciones', 7.90, 'Activo'),
    (56, 'Probiótico Veterinario', 'Vitamina', 'Apoyo digestivo', 6.70, 'Activo'),
    (57, 'Suero Oral', 'Otro', 'Solucion para hidratacion oral', 2.50, 'Activo'),
    (58, 'Clorhexidina', 'Otro', 'Solucion antiseptica', 3.00, 'Activo'),
    (59, 'Ketoconazol', 'Otro', 'Tratamiento antimicotico', 6.00, 'Activo'),
    (60, 'Loratadina Veterinaria', 'Otro', 'Tratamiento para alergias leves', 4.50, 'Activo'),
    (61, 'Omeprazol', 'Otro', 'Protector gastrico', 3.75, 'Activo'),
    (62, 'Lagrimas Artificiales', 'Otro', 'Lubricante oftalmico', 5.30, 'Activo'),
    (63, 'Solucion Otica', 'Otro', 'Tratamiento de limpieza de oido', 5.90, 'Activo'),
    (64, 'Antiseptico Topico', 'Otro', 'Antiseptico para heridas superficiales', 4.10, 'Activo'),
    (65, 'Shampoo Medicado', 'Otro', 'Tratamiento dermatologico externo', 6.40, 'Activo'),
    (66, 'Pomada Cicatrizante', 'Otro', 'Tratamiento topico para heridas', 5.20, 'Activo'),
    (67, 'Crema Antimicotica', 'Otro', 'Tratamiento topico antimicotico', 5.60, 'Activo'),
    (68, 'Solucion Salina', 'Otro', 'Solucion de limpieza y lavado', 2.90, 'Activo'),
    (69, 'Antiemetico Veterinario', 'Otro', 'Control de vomitos', 6.10, 'Activo'),
    (70, 'Maropitant', 'Otro', 'Antiemetico de uso veterinario', 9.20, 'Activo'),
    (71, 'Domperidona Veterinaria', 'Otro', 'Apoyo digestivo y antiemetico', 4.95, 'Activo'),
    (72, 'Ranitidina Veterinaria', 'Otro', 'Protector gastrico', 4.20, 'Activo'),
    (73, 'Ursodiol', 'Otro', 'Apoyo hepatico', 8.25, 'Activo'),
    (74, 'Silimarina', 'Otro', 'Protector hepatico', 6.45, 'Activo'),
    (75, 'Furosemida', 'Otro', 'Diuretico de uso veterinario', 4.85, 'Activo'),
    (76, 'Espironolactona', 'Otro', 'Diuretico ahorrador de potasio', 5.35, 'Activo'),
    (77, 'Enalapril', 'Otro', 'Medicamento cardiaco', 4.70, 'Activo'),
    (78, 'Pimobendan', 'Otro', 'Medicamento cardiaco veterinario', 11.25, 'Activo'),
    (79, 'Amlodipina', 'Otro', 'Tratamiento para hipertension', 5.15, 'Activo'),
    (80, 'Insulina Veterinaria', 'Otro', 'Tratamiento para diabetes', 12.50, 'Activo'),
    (81, 'Levotiroxina', 'Otro', 'Tratamiento hormonal tiroideo', 7.35, 'Activo'),
    (82, 'Metimazol', 'Otro', 'Tratamiento para hipertiroidismo felino', 7.65, 'Activo'),
    (83, 'Fenobarbital', 'Otro', 'Control de convulsiones', 6.95, 'Activo'),
    (84, 'Bromuro de Potasio', 'Otro', 'Control de convulsiones', 8.10, 'Activo'),
    (85, 'Diazepam', 'Otro', 'Sedante y anticonvulsivo', 5.85, 'Activo'),
    (86, 'Acepromazina', 'Otro', 'Tranquilizante veterinario', 5.40, 'Activo'),
    (87, 'Atropina', 'Otro', 'Medicamento de emergencia', 4.55, 'Activo'),
    (88, 'Adrenalina', 'Otro', 'Medicamento de emergencia', 4.35, 'Activo'),
    (89, 'Dextrosa 5%', 'Otro', 'Solucion intravenosa', 3.60, 'Activo'),
    (90, 'Lactato de Ringer', 'Otro', 'Solucion intravenosa para hidratacion', 4.80, 'Activo'),
    (91, 'Suero Fisiologico', 'Otro', 'Solucion salina intravenosa', 4.00, 'Activo'),
    (92, 'Carbon Activado', 'Otro', 'Tratamiento para intoxicaciones', 5.25, 'Activo'),
    (93, 'Laxante Veterinario', 'Otro', 'Apoyo en problemas digestivos', 3.95, 'Activo'),
    (94, 'Electrolitos Veterinarios', 'Otro', 'Reposicion de electrolitos', 4.15, 'Activo'),
    (95, 'Antihistaminico Veterinario', 'Otro', 'Control de reacciones alergicas', 5.10, 'Activo'),
    (96, 'Colirio Antibiotico', 'Otro', 'Tratamiento oftalmico', 6.15, 'Activo'),
    (97, 'Colirio Antiinflamatorio', 'Otro', 'Tratamiento oftalmico antiinflamatorio', 6.35, 'Activo'),
    (98, 'Unguento Oftalmico', 'Otro', 'Tratamiento oftalmico topico', 5.75, 'Activo'),
    (99, 'Limpiador Auricular', 'Otro', 'Limpieza de oido', 4.95, 'Activo'),
    (100, 'Gotas Oticas Antibioticas', 'Otro', 'Tratamiento de otitis bacteriana', 6.85, 'Activo'),
    (101, 'Gotas Oticas Antimicoticas', 'Otro', 'Tratamiento de otitis por hongos', 6.95, 'Activo'),
    (102, 'Pasta Dental Veterinaria', 'Otro', 'Cuidado dental', 4.25, 'Activo'),
    (103, 'Enjuague Bucal Veterinario', 'Otro', 'Cuidado oral', 4.75, 'Activo'),
    (104, 'Antisarro Veterinario', 'Otro', 'Apoyo en limpieza dental', 5.05, 'Activo'),
    (105, 'Cicatrizante Spray', 'Otro', 'Spray para heridas superficiales', 5.65, 'Activo'),
    (106, 'Repelente Veterinario', 'Otro', 'Repelente externo', 4.45, 'Activo'),
    (107, 'Antiseptico Yodado', 'Otro', 'Desinfeccion de heridas', 3.85, 'Activo'),
    (108, 'Agua Oxigenada Veterinaria', 'Otro', 'Limpieza externa controlada', 2.95, 'Activo'),
    (109, 'Gel Dermatologico', 'Otro', 'Tratamiento topico de piel', 6.25, 'Activo'),
    (110, 'Locion Antiprurito', 'Otro', 'Control de picazon', 5.45, 'Activo'),
    (111, 'Spray Antipulgas', 'Otro', 'Control externo de pulgas', 6.80, 'Activo'),
    (112, 'Collar Antipulgas', 'Otro', 'Control externo prolongado', 8.90, 'Activo'),
    (113, 'Pipeta Antipulgas Canina', 'Otro', 'Control externo canino', 7.50, 'Activo'),
    (114, 'Pipeta Antipulgas Felina', 'Otro', 'Control externo felino', 7.20, 'Activo'),
    (115, 'Solucion Rehidratante', 'Otro', 'Apoyo de hidratacion', 3.80, 'Activo'),
    (116, 'Polvo Cicatrizante', 'Otro', 'Control y cicatrizacion de heridas', 4.60, 'Activo'),
    (117, 'Suplemento Renal', 'Otro', 'Apoyo renal', 9.10, 'Activo'),
    (118, 'Suplemento Hepatico', 'Otro', 'Apoyo hepatico', 8.70, 'Activo'),
    (119, 'Suplemento Articular Senior', 'Otro', 'Apoyo articular para mascotas mayores', 9.35, 'Activo'),
    (120, 'Feromonas Felinas', 'Otro', 'Apoyo conductual felino', 10.20, 'Activo'),
    (121, 'Feromonas Caninas', 'Otro', 'Apoyo conductual canino', 10.10, 'Activo'),
    (122, 'Pasta Nutricional Felina', 'Otro', 'Suplemento nutricional felino', 6.55, 'Activo'),
    (123, 'Pasta Nutricional Canina', 'Otro', 'Suplemento nutricional canino', 6.50, 'Activo'),
    (124, 'Antidiarreico Veterinario', 'Otro', 'Control de diarrea', 4.95, 'Activo'),
    (125, 'Digestivo Enzimatico', 'Otro', 'Apoyo a digestion', 5.75, 'Activo'),
    (126, 'Protector de Almohadillas', 'Otro', 'Cuidado de almohadillas', 4.80, 'Activo'),
    (127, 'Balsamo Dermatologico', 'Otro', 'Cuidado y reparacion de piel', 5.25, 'Activo'),
    (128, 'Gel Dental Enzimatico', 'Otro', 'Cuidado dental preventivo', 5.50, 'Activo'),
    (129, 'Solucion Limpieza Ocular', 'Otro', 'Limpieza externa de ojos', 4.90, 'Activo'),
    (130, 'Solucion Limpieza Nasal', 'Otro', 'Limpieza nasal externa', 4.30, 'Activo');

INSERT INTO cita (id_cita, motivo_cita, fecha_cita, hora_cita, observaciones_cita, estado_cita, id_mascota, id_veterinario) VALUES
    (1, 'Consulta general', '2025-07-09', '09:00', 'Paciente estable', 'Atendida', 1, 1),
    (2, 'Vacunacion', '2025-07-14', '10:30', 'Requiere seguimiento', 'Atendida', 1, 2),
    (3, 'Control dermatologico', '2025-07-19', '11:00', 'Primera evaluacion', 'Atendida', 1, 3),
    (4, 'Revision dental', '2025-07-24', '12:30', 'Control recomendado', 'Atendida', 1, 4),
    (5, 'Desparasitacion', '2025-08-09', '13:00', 'Sin complicaciones', 'Atendida', 2, 5),
    (6, 'Perdida de apetito', '2025-08-14', '14:30', 'Se explican cuidados al propietario', 'Atendida', 2, 6),
    (7, 'Dolor al caminar', '2025-08-19', '15:00', 'Paciente estable', 'Atendida', 2, 7),
    (8, 'Vomitos', '2025-08-24', '16:30', 'Requiere seguimiento', 'Atendida', 2, 8),
    (9, 'Curacion de herida', '2025-09-09', '08:00', 'Primera evaluacion', 'Atendida', 3, 9),
    (10, 'Control preventivo', '2025-09-14', '09:30', 'Control recomendado', 'Atendida', 3, 10),
    (11, 'Problema auditivo', '2025-09-19', '10:00', 'Sin complicaciones', 'Atendida', 3, 11),
    (12, 'Revision oftalmologica', '2025-09-24', '11:30', 'Se explican cuidados al propietario', 'Atendida', 3, 12),
    (13, 'Consulta general', '2025-10-09', '12:00', 'Paciente estable', 'Atendida', 4, 13),
    (14, 'Vacunacion', '2025-10-14', '13:30', 'Requiere seguimiento', 'Atendida', 4, 14),
    (15, 'Control dermatologico', '2025-10-19', '14:00', 'Primera evaluacion', 'Atendida', 4, 15),
    (16, 'Revision dental', '2025-10-24', '15:30', 'Control recomendado', 'Atendida', 4, 16),
    (17, 'Desparasitacion', '2025-11-09', '16:00', 'Sin complicaciones', 'Atendida', 5, 17),
    (18, 'Perdida de apetito', '2025-11-14', '08:30', 'Cita atendida correctamente', 'Atendida', 18, 18),
    (19, 'Dolor al caminar', '2025-11-19', '09:00', 'Paciente estable', 'Atendida', 5, 19),
    (20, 'Vomitos', '2025-11-24', '10:30', 'Requiere seguimiento', 'Atendida', 5, 20),
    (21, 'Curacion de herida', '2026-03-09', '11:00', 'Primera evaluacion', 'Atendida', 6, 21),
    (22, 'Control preventivo', '2026-03-14', '12:30', 'Control recomendado', 'Atendida', 6, 22),
    (23, 'Problema auditivo', '2026-03-19', '13:00', 'Sin complicaciones', 'Atendida', 6, 23),
    (24, 'Revision oftalmologica', '2026-04-09', '14:30', 'Se explican cuidados al propietario', 'Atendida', 7, 24),
    (25, 'Consulta general', '2026-04-14', '15:00', 'Paciente estable', 'Atendida', 7, 25),
    (26, 'Vacunacion', '2026-04-19', '16:30', 'Requiere seguimiento', 'Atendida', 7, 26),
    (27, 'Control dermatologico', '2026-05-09', '08:00', 'Primera evaluacion', 'Atendida', 8, 27),
    (28, 'Revision dental', '2026-05-14', '09:30', 'Control recomendado', 'Atendida', 8, 28),
    (29, 'Desparasitacion', '2026-05-19', '10:00', 'Sin complicaciones', 'Atendida', 8, 29),
    (30, 'Perdida de apetito', '2026-06-09', '11:30', 'Se explican cuidados al propietario', 'Atendida', 9, 30),
    (31, 'Dolor al caminar', '2026-06-14', '12:00', 'Cita cancelada por el propietario', 'Cancelada', 9, 31),
    (32, 'Vomitos', '2026-06-18', '13:30', 'Requiere seguimiento', 'Atendida', 9, 32),
    (33, 'Curacion de herida', '2025-07-09', '14:00', 'Primera evaluacion', 'Atendida', 10, 33),
    (34, 'Control preventivo', '2025-07-14', '15:30', 'Control recomendado', 'Atendida', 10, 34),
    (35, 'Problema auditivo', '2025-07-19', '16:00', 'Sin complicaciones', 'Atendida', 10, 35),
    (36, 'Revision oftalmologica', '2025-08-09', '08:30', 'Se explican cuidados al propietario', 'Atendida', 11, 36),
    (37, 'Consulta general', '2025-08-14', '09:00', 'Paciente estable', 'Atendida', 11, 37),
    (38, 'Vacunacion', '2025-08-19', '10:30', 'Requiere seguimiento', 'Atendida', 11, 38),
    (39, 'Control dermatologico', '2025-09-09', '11:00', 'Primera evaluacion', 'Atendida', 12, 39),
    (40, 'Revision dental', '2025-09-14', '12:30', 'Control recomendado', 'Atendida', 12, 40),
    (41, 'Desparasitacion', '2025-09-19', '13:00', 'Sin complicaciones', 'Atendida', 12, 41),
    (42, 'Perdida de apetito', '2025-10-09', '14:30', 'Se explican cuidados al propietario', 'Atendida', 13, 42),
    (43, 'Dolor al caminar', '2025-10-14', '15:00', 'Paciente estable', 'Atendida', 13, 43),
    (44, 'Vomitos', '2025-10-19', '16:30', 'Requiere seguimiento', 'Atendida', 13, 44),
    (45, 'Curacion de herida', '2025-11-09', '08:00', 'Primera evaluacion', 'Atendida', 14, 45),
    (46, 'Control preventivo', '2025-11-14', '09:30', 'Control recomendado', 'Atendida', 14, 46),
    (47, 'Problema auditivo', '2025-11-19', '10:00', 'Sin complicaciones', 'Atendida', 14, 47),
    (48, 'Revision oftalmologica', '2025-12-09', '11:30', 'Se explican cuidados al propietario', 'Atendida', 15, 48),
    (49, 'Consulta general', '2025-12-14', '12:00', 'Paciente estable', 'Atendida', 15, 49),
    (50, 'Vacunacion', '2025-12-19', '13:30', 'Requiere seguimiento', 'Atendida', 15, 50),
    (51, 'Control dermatologico', '2025-09-10', '14:00', 'Primera evaluacion', 'Atendida', 16, 51),
    (52, 'Revision dental', '2025-10-13', '15:30', 'Control recomendado', 'Atendida', 16, 52),
    (53, 'Desparasitacion', '2025-11-16', '16:00', 'Sin complicaciones', 'Atendida', 17, 53),
    (54, 'Perdida de apetito', '2025-12-19', '08:30', 'Cita cancelada por el propietario', 'Cancelada', 17, 54),
    (55, 'Dolor al caminar', '2026-01-22', '09:00', 'Paciente estable', 'Atendida', 18, 55),
    (56, 'Vomitos', '2026-02-01', '10:30', 'Requiere seguimiento', 'Atendida', 18, 56),
    (57, 'Curacion de herida', '2026-03-04', '11:00', 'Primera evaluacion', 'Atendida', 19, 57),
    (58, 'Control preventivo', '2026-04-07', '12:30', 'Control recomendado', 'Atendida', 19, 58),
    (59, 'Problema auditivo', '2026-05-10', '13:00', 'Sin complicaciones', 'Atendida', 20, 59),
    (60, 'Revision oftalmologica', '2026-06-13', '14:30', 'Se explican cuidados al propietario', 'Atendida', 20, 60),
    (61, 'Consulta general', '2025-07-16', '15:00', 'Paciente estable', 'Atendida', 21, 61),
    (62, 'Vacunacion', '2025-08-19', '16:30', 'Requiere seguimiento', 'Atendida', 21, 62),
    (63, 'Control dermatologico', '2025-09-22', '08:00', 'Primera evaluacion', 'Atendida', 22, 63),
    (64, 'Revision dental', '2025-10-01', '09:30', 'Control recomendado', 'Atendida', 22, 64),
    (65, 'Desparasitacion', '2025-11-04', '10:00', 'Sin complicaciones', 'Atendida', 23, 65),
    (66, 'Perdida de apetito', '2025-12-07', '11:30', 'Se explican cuidados al propietario', 'Atendida', 23, 66),
    (67, 'Dolor al caminar', '2026-01-10', '12:00', 'Paciente estable', 'Atendida', 24, 67),
    (68, 'Vomitos', '2026-02-13', '13:30', 'Requiere seguimiento', 'Atendida', 24, 68),
    (69, 'Curacion de herida', '2026-03-16', '14:00', 'Primera evaluacion', 'Atendida', 25, 69),
    (70, 'Control preventivo', '2026-04-19', '15:30', 'Control recomendado', 'Atendida', 25, 70),
    (71, 'Problema auditivo', '2026-05-22', '16:00', 'Sin complicaciones', 'Atendida', 26, 71),
    (72, 'Revision oftalmologica', '2026-06-01', '08:30', 'Se explican cuidados al propietario', 'Atendida', 26, 72),
    (73, 'Consulta general', '2025-07-04', '09:00', 'Paciente estable', 'Atendida', 27, 73),
    (74, 'Vacunacion', '2025-08-07', '10:30', 'Requiere seguimiento', 'Atendida', 27, 74),
    (75, 'Control dermatologico', '2025-09-10', '11:00', 'Primera evaluacion', 'Atendida', 28, 75),
    (76, 'Revision dental', '2025-10-13', '12:30', 'Control recomendado', 'Atendida', 28, 76),
    (77, 'Desparasitacion', '2025-11-16', '13:00', 'Cita cancelada por el propietario', 'Cancelada', 29, 77),
    (78, 'Perdida de apetito', '2025-12-19', '14:30', 'Se explican cuidados al propietario', 'Atendida', 29, 78),
    (79, 'Dolor al caminar', '2026-01-22', '15:00', 'Paciente estable', 'Atendida', 30, 79),
    (80, 'Vomitos', '2026-02-01', '16:30', 'Requiere seguimiento', 'Atendida', 30, 80),
    (81, 'Curacion de herida', '2026-03-04', '08:00', 'Primera evaluacion', 'Atendida', 31, 81),
    (82, 'Control preventivo', '2026-04-07', '09:30', 'Control recomendado', 'Atendida', 31, 82),
    (83, 'Problema auditivo', '2026-05-10', '10:00', 'Sin complicaciones', 'Atendida', 32, 83),
    (84, 'Revision oftalmologica', '2026-06-13', '11:30', 'Se explican cuidados al propietario', 'Atendida', 32, 84),
    (85, 'Consulta general', '2025-07-16', '12:00', 'Paciente estable', 'Atendida', 33, 85),
    (86, 'Vacunacion', '2025-08-19', '13:30', 'Requiere seguimiento', 'Atendida', 33, 86),
    (87, 'Control dermatologico', '2025-09-22', '14:00', 'Primera evaluacion', 'Atendida', 34, 87),
    (88, 'Revision dental', '2025-10-01', '15:30', 'Control recomendado', 'Atendida', 34, 88),
    (89, 'Desparasitacion', '2025-11-04', '16:00', 'Sin complicaciones', 'Atendida', 35, 89),
    (90, 'Perdida de apetito', '2025-12-07', '08:30', 'Se explican cuidados al propietario', 'Atendida', 35, 90),
    (91, 'Dolor al caminar', '2026-01-10', '09:00', 'Paciente estable', 'Atendida', 36, 91),
    (92, 'Vomitos', '2026-02-13', '10:30', 'Requiere seguimiento', 'Atendida', 36, 92),
    (93, 'Curacion de herida', '2026-03-16', '11:00', 'Primera evaluacion', 'Atendida', 37, 93),
    (94, 'Control preventivo', '2026-04-19', '12:30', 'Control recomendado', 'Atendida', 37, 94),
    (95, 'Problema auditivo', '2026-05-22', '13:00', 'Sin complicaciones', 'Atendida', 38, 95),
    (96, 'Revision oftalmologica', '2026-06-01', '14:30', 'Se explican cuidados al propietario', 'Atendida', 38, 96),
    (97, 'Consulta general', '2025-07-04', '15:00', 'Paciente estable', 'Atendida', 39, 97),
    (98, 'Vacunacion', '2025-08-07', '16:30', 'Requiere seguimiento', 'Atendida', 39, 98),
    (99, 'Control dermatologico', '2025-09-10', '08:00', 'Primera evaluacion', 'Atendida', 40, 99),
    (100, 'Revision dental', '2025-10-13', '09:30', 'Cita cancelada por el propietario', 'Cancelada', 40, 100),
    (101, 'Desparasitacion', '2025-11-16', '10:00', 'Sin complicaciones', 'Atendida', 41, 101),
    (102, 'Perdida de apetito', '2025-12-19', '11:30', 'Se explican cuidados al propietario', 'Atendida', 41, 102),
    (103, 'Dolor al caminar', '2026-01-22', '12:00', 'Paciente estable', 'Atendida', 42, 103),
    (104, 'Vomitos', '2026-02-01', '13:30', 'Requiere seguimiento', 'Atendida', 42, 104),
    (105, 'Curacion de herida', '2026-03-04', '14:00', 'Primera evaluacion', 'Atendida', 43, 105),
    (106, 'Control preventivo', '2026-04-07', '15:30', 'Control recomendado', 'Atendida', 43, 106),
    (107, 'Problema auditivo', '2026-05-10', '16:00', 'Sin complicaciones', 'Atendida', 44, 107),
    (108, 'Revision oftalmologica', '2026-06-13', '08:30', 'Se explican cuidados al propietario', 'Atendida', 44, 108),
    (109, 'Consulta general', '2025-07-16', '09:00', 'Paciente estable', 'Atendida', 45, 109),
    (110, 'Vacunacion', '2025-08-19', '10:30', 'Requiere seguimiento', 'Atendida', 45, 110),
    (111, 'Control dermatologico', '2025-09-22', '11:00', 'Primera evaluacion', 'Atendida', 46, 111),
    (112, 'Revision dental', '2025-10-01', '12:30', 'Control recomendado', 'Atendida', 46, 112),
    (113, 'Desparasitacion', '2025-11-04', '13:00', 'Sin complicaciones', 'Atendida', 47, 113),
    (114, 'Perdida de apetito', '2025-12-07', '14:30', 'Se explican cuidados al propietario', 'Atendida', 47, 114),
    (115, 'Dolor al caminar', '2026-01-10', '15:00', 'Paciente estable', 'Atendida', 48, 115),
    (116, 'Vomitos', '2026-02-13', '16:30', 'Requiere seguimiento', 'Atendida', 48, 116),
    (117, 'Curacion de herida', '2026-03-16', '08:00', 'Primera evaluacion', 'Atendida', 49, 117),
    (118, 'Control preventivo', '2026-04-19', '09:30', 'Control recomendado', 'Atendida', 49, 118),
    (119, 'Problema auditivo', '2026-05-22', '10:00', 'Sin complicaciones', 'Atendida', 50, 119),
    (120, 'Revision oftalmologica', '2026-06-01', '11:30', 'Se explican cuidados al propietario', 'Atendida', 50, 120),
    (121, 'Consulta general', '2025-07-04', '12:00', 'Paciente estable', 'Atendida', 51, 121),
    (122, 'Vacunacion', '2025-08-07', '13:30', 'Requiere seguimiento', 'Atendida', 52, 122),
    (123, 'Control dermatologico', '2025-09-10', '14:00', 'Cita cancelada por el propietario', 'Cancelada', 53, 123),
    (124, 'Revision dental', '2025-10-13', '15:30', 'Control recomendado', 'Atendida', 54, 124),
    (125, 'Desparasitacion', '2025-11-16', '16:00', 'Sin complicaciones', 'Atendida', 55, 125),
    (126, 'Perdida de apetito', '2025-12-19', '08:30', 'Se explican cuidados al propietario', 'Atendida', 56, 126),
    (127, 'Dolor al caminar', '2026-01-22', '09:00', 'Paciente estable', 'Atendida', 57, 127),
    (128, 'Vomitos', '2026-02-01', '10:30', 'Requiere seguimiento', 'Atendida', 58, 128),
    (129, 'Curacion de herida', '2026-03-04', '11:00', 'Primera evaluacion', 'Atendida', 59, 129),
    (130, 'Control preventivo', '2026-04-07', '12:30', 'Control recomendado', 'Atendida', 60, 130),
    (131, 'Problema auditivo', '2026-05-10', '13:00', 'Sin complicaciones', 'Atendida', 61, 1),
    (132, 'Revision oftalmologica', '2026-06-13', '14:30', 'Se explican cuidados al propietario', 'Atendida', 62, 2),
    (133, 'Consulta general', '2025-07-16', '15:00', 'Paciente estable', 'Atendida', 63, 3),
    (134, 'Vacunacion', '2025-08-19', '16:30', 'Requiere seguimiento', 'Atendida', 64, 4),
    (135, 'Control dermatologico', '2025-09-22', '08:00', 'Primera evaluacion', 'Atendida', 65, 5),
    (136, 'Revision dental', '2025-10-01', '09:30', 'Control recomendado', 'Atendida', 66, 6),
    (137, 'Desparasitacion', '2025-11-04', '10:00', 'Sin complicaciones', 'Atendida', 67, 7),
    (138, 'Perdida de apetito', '2025-12-07', '11:30', 'Se explican cuidados al propietario', 'Atendida', 68, 8),
    (139, 'Dolor al caminar', '2026-01-10', '12:00', 'Paciente estable', 'Atendida', 69, 9),
    (140, 'Vomitos', '2026-02-13', '13:30', 'Requiere seguimiento', 'Atendida', 70, 10),
    (141, 'Curacion de herida', '2026-03-16', '14:00', 'Primera evaluacion', 'Atendida', 71, 11),
    (142, 'Control preventivo', '2026-04-19', '15:30', 'Control recomendado', 'Atendida', 72, 12),
    (143, 'Problema auditivo', '2026-05-22', '16:00', 'Sin complicaciones', 'Atendida', 73, 13),
    (144, 'Revision oftalmologica', '2026-06-01', '08:30', 'Se explican cuidados al propietario', 'Atendida', 74, 14),
    (145, 'Consulta general', '2025-07-04', '09:00', 'Paciente estable', 'Atendida', 75, 15),
    (146, 'Vacunacion', '2025-08-07', '10:30', 'Cita cancelada por el propietario', 'Cancelada', 76, 16),
    (147, 'Control dermatologico', '2025-09-10', '11:00', 'Primera evaluacion', 'Atendida', 77, 17),
    (148, 'Revision dental', '2025-10-13', '12:30', 'Control recomendado', 'Atendida', 78, 18),
    (149, 'Desparasitacion', '2025-11-16', '13:00', 'Sin complicaciones', 'Atendida', 79, 19),
    (150, 'Perdida de apetito', '2025-12-19', '14:30', 'Se explican cuidados al propietario', 'Atendida', 80, 20),
    (151, 'Dolor al caminar', '2026-01-22', '15:00', 'Paciente estable', 'Atendida', 81, 21),
    (152, 'Vomitos', '2026-02-01', '16:30', 'Requiere seguimiento', 'Atendida', 82, 22),
    (153, 'Curacion de herida', '2026-03-04', '08:00', 'Primera evaluacion', 'Atendida', 83, 23),
    (154, 'Control preventivo', '2026-04-07', '09:30', 'Control recomendado', 'Atendida', 84, 24),
    (155, 'Problema auditivo', '2026-05-10', '10:00', 'Sin complicaciones', 'Atendida', 85, 25),
    (156, 'Revision oftalmologica', '2026-06-13', '11:30', 'Se explican cuidados al propietario', 'Atendida', 86, 26),
    (157, 'Consulta general', '2025-07-16', '12:00', 'Paciente estable', 'Atendida', 87, 27),
    (158, 'Vacunacion', '2025-08-19', '13:30', 'Requiere seguimiento', 'Atendida', 88, 28),
    (159, 'Control dermatologico', '2025-09-22', '14:00', 'Primera evaluacion', 'Atendida', 89, 29),
    (160, 'Revision dental', '2025-10-01', '15:30', 'Control recomendado', 'Atendida', 90, 30),
    (161, 'Desparasitacion', '2025-11-04', '16:00', 'Sin complicaciones', 'Atendida', 91, 31),
    (162, 'Perdida de apetito', '2025-12-07', '08:30', 'Se explican cuidados al propietario', 'Atendida', 92, 32),
    (163, 'Dolor al caminar', '2026-01-10', '09:00', 'Paciente estable', 'Atendida', 93, 33),
    (164, 'Vomitos', '2026-02-13', '10:30', 'Requiere seguimiento', 'Atendida', 94, 34),
    (165, 'Curacion de herida', '2026-03-16', '11:00', 'Primera evaluacion', 'Atendida', 95, 35),
    (166, 'Control preventivo', '2026-04-19', '12:30', 'Control recomendado', 'Atendida', 96, 36),
    (167, 'Problema auditivo', '2026-05-22', '13:00', 'Sin complicaciones', 'Atendida', 97, 37),
    (168, 'Revision oftalmologica', '2026-06-01', '14:30', 'Se explican cuidados al propietario', 'Atendida', 98, 38),
    (169, 'Consulta general', '2025-07-04', '15:00', 'Cita cancelada por el propietario', 'Cancelada', 99, 39),
    (170, 'Vacunacion', '2025-08-07', '16:30', 'Requiere seguimiento', 'Atendida', 100, 40),
    (171, 'Control dermatologico', '2025-09-10', '08:00', 'Primera evaluacion', 'Atendida', 101, 41),
    (172, 'Revision dental', '2025-10-13', '09:30', 'Control recomendado', 'Atendida', 102, 42),
    (173, 'Desparasitacion', '2025-11-16', '10:00', 'Sin complicaciones', 'Atendida', 103, 43),
    (174, 'Perdida de apetito', '2025-12-19', '11:30', 'Se explican cuidados al propietario', 'Atendida', 104, 44),
    (175, 'Dolor al caminar', '2026-01-22', '12:00', 'Paciente estable', 'Atendida', 105, 45),
    (176, 'Vomitos', '2026-02-01', '13:30', 'Requiere seguimiento', 'Atendida', 106, 46),
    (177, 'Curacion de herida', '2026-03-04', '14:00', 'Primera evaluacion', 'Atendida', 107, 47),
    (178, 'Control preventivo', '2026-04-07', '15:30', 'Control recomendado', 'Atendida', 108, 48),
    (179, 'Problema auditivo', '2026-05-10', '16:00', 'Sin complicaciones', 'Atendida', 109, 49),
    (180, 'Revision oftalmologica', '2026-06-13', '08:30', 'Se explican cuidados al propietario', 'Atendida', 110, 50),
    (181, 'Consulta general', '2025-07-16', '09:00', 'Paciente estable', 'Atendida', 111, 51),
    (182, 'Vacunacion', '2025-08-19', '10:30', 'Cita cancelada por el propietario', 'Cancelada', 112, 52),
    (183, 'Control dermatologico', '2025-09-22', '11:00', 'Primera evaluacion', 'Atendida', 113, 53),
    (184, 'Revision dental', '2025-10-01', '12:30', 'Control recomendado', 'Atendida', 114, 54),
    (185, 'Desparasitacion', '2025-11-04', '13:00', 'Sin complicaciones', 'Atendida', 115, 55),
    (186, 'Perdida de apetito', '2025-12-07', '14:30', 'Se explican cuidados al propietario', 'Atendida', 116, 56),
    (187, 'Dolor al caminar', '2026-01-10', '15:00', 'Paciente estable', 'Atendida', 117, 57),
    (188, 'Vomitos', '2026-02-13', '16:30', 'Requiere seguimiento', 'Atendida', 118, 58),
    (189, 'Curacion de herida', '2026-03-16', '08:00', 'Primera evaluacion', 'Atendida', 119, 59),
    (190, 'Control preventivo', '2026-04-19', '09:30', 'Control recomendado', 'Atendida', 120, 60),
    (191, 'Problema auditivo', '2026-05-22', '10:00', 'Cita cancelada por el propietario', 'Cancelada', 121, 61),
    (192, 'Revision oftalmologica', '2026-06-01', '11:30', 'Se explican cuidados al propietario', 'Atendida', 122, 62),
    (193, 'Consulta general', '2025-07-04', '12:00', 'Paciente estable', 'Atendida', 123, 63),
    (194, 'Vacunacion', '2025-08-07', '13:30', 'Requiere seguimiento', 'Atendida', 124, 64),
    (195, 'Control dermatologico', '2025-09-10', '14:00', 'Primera evaluacion', 'Atendida', 125, 65),
    (196, 'Revision dental', '2025-10-13', '15:30', 'Control recomendado', 'Atendida', 126, 66),
    (197, 'Desparasitacion', '2025-11-16', '16:00', 'Sin complicaciones', 'Atendida', 127, 67),
    (198, 'Perdida de apetito', '2025-12-19', '08:30', 'Cita cancelada por el propietario', 'Cancelada', 128, 68),
    (199, 'Dolor al caminar', '2026-01-22', '09:00', 'Paciente estable', 'Atendida', 129, 69),
    (200, 'Vomitos', '2026-02-01', '10:30', 'Requiere seguimiento', 'Atendida', 130, 70);

INSERT INTO diagnostico (id_diagnostico, descripcion_diagnostico, fecha_diagnostico, observaciones_diagnostico, indicaciones_diagnostico, id_cita) VALUES
    (1, 'Control preventivo', '2025-07-09', 'Diagnostico generado a partir de la cita', 'Seguir indicaciones registradas', 1),
    (2, 'Gastroenteritis', '2025-07-14', 'Diagnostico generado a partir de la cita', 'Seguir indicaciones registradas', 2),
    (3, 'Dermatitis leve', '2025-07-19', 'Diagnostico generado a partir de la cita', 'Seguir indicaciones registradas', 3),
    (4, 'Otitis', '2025-07-24', 'Diagnostico generado a partir de la cita', 'Seguir indicaciones registradas', 4),
    (5, 'Parasitosis', '2025-08-09', 'Diagnostico generado a partir de la cita', 'Seguir indicaciones registradas', 5),
    (6, 'Revision dental', '2025-08-14', 'Diagnostico generado a partir de la cita', 'Seguir indicaciones registradas', 6),
    (7, 'Dolor articular', '2025-08-19', 'Diagnostico generado a partir de la cita', 'Seguir indicaciones registradas', 7),
    (8, 'Herida superficial', '2025-08-24', 'Diagnostico generado a partir de la cita', 'Seguir indicaciones registradas', 8),
    (9, 'Control preventivo', '2025-09-09', 'Diagnostico generado a partir de la cita', 'Seguir indicaciones registradas', 9),
    (10, 'Gastroenteritis', '2025-09-14', 'Diagnostico generado a partir de la cita', 'Seguir indicaciones registradas', 10),
    (11, 'Dermatitis leve', '2025-09-19', 'Diagnostico generado a partir de la cita', 'Seguir indicaciones registradas', 11),
    (12, 'Otitis', '2025-09-24', 'Diagnostico generado a partir de la cita', 'Seguir indicaciones registradas', 12),
    (13, 'Parasitosis', '2025-10-09', 'Diagnostico generado a partir de la cita', 'Seguir indicaciones registradas', 13),
    (14, 'Revision dental', '2025-10-14', 'Diagnostico generado a partir de la cita', 'Seguir indicaciones registradas', 14),
    (15, 'Dolor articular', '2025-10-19', 'Diagnostico generado a partir de la cita', 'Seguir indicaciones registradas', 15),
    (16, 'Herida superficial', '2025-10-24', 'Diagnostico generado a partir de la cita', 'Seguir indicaciones registradas', 16),
    (17, 'Control preventivo', '2025-11-09', 'Diagnostico generado a partir de la cita', 'Seguir indicaciones registradas', 17),
    (18, 'Gastroenteritis', '2025-11-14', 'Diagnostico generado a partir de la cita', 'Seguir indicaciones registradas', 18),
    (19, 'Dermatitis leve', '2025-11-19', 'Diagnostico generado a partir de la cita', 'Seguir indicaciones registradas', 19),
    (20, 'Otitis', '2025-11-24', 'Diagnostico generado a partir de la cita', 'Seguir indicaciones registradas', 20),
    (21, 'Parasitosis', '2026-03-09', 'Diagnostico generado a partir de la cita', 'Seguir indicaciones registradas', 21),
    (22, 'Revision dental', '2026-03-14', 'Diagnostico generado a partir de la cita', 'Seguir indicaciones registradas', 22),
    (23, 'Dolor articular', '2026-03-19', 'Diagnostico generado a partir de la cita', 'Seguir indicaciones registradas', 23),
    (24, 'Herida superficial', '2026-04-09', 'Diagnostico generado a partir de la cita', 'Seguir indicaciones registradas', 24),
    (25, 'Control preventivo', '2026-04-14', 'Diagnostico generado a partir de la cita', 'Seguir indicaciones registradas', 25),
    (26, 'Gastroenteritis', '2026-04-19', 'Diagnostico generado a partir de la cita', 'Seguir indicaciones registradas', 26),
    (27, 'Dermatitis leve', '2026-05-09', 'Diagnostico generado a partir de la cita', 'Seguir indicaciones registradas', 27),
    (28, 'Otitis', '2026-05-14', 'Diagnostico generado a partir de la cita', 'Seguir indicaciones registradas', 28),
    (29, 'Parasitosis', '2026-05-19', 'Diagnostico generado a partir de la cita', 'Seguir indicaciones registradas', 29),
    (30, 'Revision dental', '2026-06-09', 'Diagnostico generado a partir de la cita', 'Seguir indicaciones registradas', 30),
    (31, 'Dolor articular', '2026-06-18', 'Diagnostico generado a partir de la cita', 'Seguir indicaciones registradas', 32),
    (32, 'Herida superficial', '2025-07-09', 'Diagnostico generado a partir de la cita', 'Seguir indicaciones registradas', 33),
    (33, 'Control preventivo', '2025-07-14', 'Diagnostico generado a partir de la cita', 'Seguir indicaciones registradas', 34),
    (34, 'Gastroenteritis', '2025-07-19', 'Diagnostico generado a partir de la cita', 'Seguir indicaciones registradas', 35),
    (35, 'Dermatitis leve', '2025-08-09', 'Diagnostico generado a partir de la cita', 'Seguir indicaciones registradas', 36),
    (36, 'Otitis', '2025-08-14', 'Diagnostico generado a partir de la cita', 'Seguir indicaciones registradas', 37),
    (37, 'Parasitosis', '2025-08-19', 'Diagnostico generado a partir de la cita', 'Seguir indicaciones registradas', 38),
    (38, 'Revision dental', '2025-09-09', 'Diagnostico generado a partir de la cita', 'Seguir indicaciones registradas', 39),
    (39, 'Dolor articular', '2025-09-14', 'Diagnostico generado a partir de la cita', 'Seguir indicaciones registradas', 40),
    (40, 'Herida superficial', '2025-09-19', 'Diagnostico generado a partir de la cita', 'Seguir indicaciones registradas', 41),
    (41, 'Control preventivo', '2025-10-09', 'Diagnostico generado a partir de la cita', 'Seguir indicaciones registradas', 42),
    (42, 'Gastroenteritis', '2025-10-14', 'Diagnostico generado a partir de la cita', 'Seguir indicaciones registradas', 43),
    (43, 'Dermatitis leve', '2025-10-19', 'Diagnostico generado a partir de la cita', 'Seguir indicaciones registradas', 44),
    (44, 'Otitis', '2025-11-09', 'Diagnostico generado a partir de la cita', 'Seguir indicaciones registradas', 45),
    (45, 'Parasitosis', '2025-11-14', 'Diagnostico generado a partir de la cita', 'Seguir indicaciones registradas', 46),
    (46, 'Revision dental', '2025-11-19', 'Diagnostico generado a partir de la cita', 'Seguir indicaciones registradas', 47),
    (47, 'Dolor articular', '2025-12-09', 'Diagnostico generado a partir de la cita', 'Seguir indicaciones registradas', 48),
    (48, 'Herida superficial', '2025-12-14', 'Diagnostico generado a partir de la cita', 'Seguir indicaciones registradas', 49),
    (49, 'Control preventivo', '2025-12-19', 'Diagnostico generado a partir de la cita', 'Seguir indicaciones registradas', 50),
    (50, 'Gastroenteritis', '2025-09-10', 'Diagnostico generado a partir de la cita', 'Seguir indicaciones registradas', 51),
    (51, 'Dermatitis leve', '2025-10-13', 'Diagnostico generado a partir de la cita', 'Seguir indicaciones registradas', 52),
    (52, 'Otitis', '2025-11-16', 'Diagnostico generado a partir de la cita', 'Seguir indicaciones registradas', 53),
    (53, 'Parasitosis', '2026-01-22', 'Diagnostico generado a partir de la cita', 'Seguir indicaciones registradas', 55),
    (54, 'Revision dental', '2026-02-01', 'Diagnostico generado a partir de la cita', 'Seguir indicaciones registradas', 56),
    (55, 'Dolor articular', '2026-03-04', 'Diagnostico generado a partir de la cita', 'Seguir indicaciones registradas', 57),
    (56, 'Herida superficial', '2026-04-07', 'Diagnostico generado a partir de la cita', 'Seguir indicaciones registradas', 58),
    (57, 'Control preventivo', '2026-05-10', 'Diagnostico generado a partir de la cita', 'Seguir indicaciones registradas', 59),
    (58, 'Gastroenteritis', '2026-06-13', 'Diagnostico generado a partir de la cita', 'Seguir indicaciones registradas', 60),
    (59, 'Dermatitis leve', '2025-07-16', 'Diagnostico generado a partir de la cita', 'Seguir indicaciones registradas', 61),
    (60, 'Otitis', '2025-08-19', 'Diagnostico generado a partir de la cita', 'Seguir indicaciones registradas', 62),
    (61, 'Parasitosis', '2025-09-22', 'Diagnostico generado a partir de la cita', 'Seguir indicaciones registradas', 63),
    (62, 'Revision dental', '2025-10-01', 'Diagnostico generado a partir de la cita', 'Seguir indicaciones registradas', 64),
    (63, 'Dolor articular', '2025-11-04', 'Diagnostico generado a partir de la cita', 'Seguir indicaciones registradas', 65),
    (64, 'Herida superficial', '2025-12-07', 'Diagnostico generado a partir de la cita', 'Seguir indicaciones registradas', 66),
    (65, 'Control preventivo', '2026-01-10', 'Diagnostico generado a partir de la cita', 'Seguir indicaciones registradas', 67),
    (66, 'Gastroenteritis', '2026-02-13', 'Diagnostico generado a partir de la cita', 'Seguir indicaciones registradas', 68),
    (67, 'Dermatitis leve', '2026-03-16', 'Diagnostico generado a partir de la cita', 'Seguir indicaciones registradas', 69),
    (68, 'Otitis', '2026-04-19', 'Diagnostico generado a partir de la cita', 'Seguir indicaciones registradas', 70),
    (69, 'Parasitosis', '2026-05-22', 'Diagnostico generado a partir de la cita', 'Seguir indicaciones registradas', 71),
    (70, 'Revision dental', '2026-06-01', 'Diagnostico generado a partir de la cita', 'Seguir indicaciones registradas', 72),
    (71, 'Dolor articular', '2025-07-04', 'Diagnostico generado a partir de la cita', 'Seguir indicaciones registradas', 73),
    (72, 'Herida superficial', '2025-08-07', 'Diagnostico generado a partir de la cita', 'Seguir indicaciones registradas', 74),
    (73, 'Control preventivo', '2025-09-10', 'Diagnostico generado a partir de la cita', 'Seguir indicaciones registradas', 75),
    (74, 'Gastroenteritis', '2025-10-13', 'Diagnostico generado a partir de la cita', 'Seguir indicaciones registradas', 76),
    (75, 'Dermatitis leve', '2025-12-19', 'Diagnostico generado a partir de la cita', 'Seguir indicaciones registradas', 78),
    (76, 'Otitis', '2026-01-22', 'Diagnostico generado a partir de la cita', 'Seguir indicaciones registradas', 79),
    (77, 'Parasitosis', '2026-02-01', 'Diagnostico generado a partir de la cita', 'Seguir indicaciones registradas', 80),
    (78, 'Revision dental', '2026-03-04', 'Diagnostico generado a partir de la cita', 'Seguir indicaciones registradas', 81),
    (79, 'Dolor articular', '2026-04-07', 'Diagnostico generado a partir de la cita', 'Seguir indicaciones registradas', 82),
    (80, 'Herida superficial', '2026-05-10', 'Diagnostico generado a partir de la cita', 'Seguir indicaciones registradas', 83),
    (81, 'Control preventivo', '2026-06-13', 'Diagnostico generado a partir de la cita', 'Seguir indicaciones registradas', 84),
    (82, 'Gastroenteritis', '2025-07-16', 'Diagnostico generado a partir de la cita', 'Seguir indicaciones registradas', 85),
    (83, 'Dermatitis leve', '2025-08-19', 'Diagnostico generado a partir de la cita', 'Seguir indicaciones registradas', 86),
    (84, 'Otitis', '2025-09-22', 'Diagnostico generado a partir de la cita', 'Seguir indicaciones registradas', 87),
    (85, 'Parasitosis', '2025-10-01', 'Diagnostico generado a partir de la cita', 'Seguir indicaciones registradas', 88),
    (86, 'Revision dental', '2025-11-04', 'Diagnostico generado a partir de la cita', 'Seguir indicaciones registradas', 89),
    (87, 'Dolor articular', '2025-12-07', 'Diagnostico generado a partir de la cita', 'Seguir indicaciones registradas', 90),
    (88, 'Herida superficial', '2026-01-10', 'Diagnostico generado a partir de la cita', 'Seguir indicaciones registradas', 91),
    (89, 'Control preventivo', '2026-02-13', 'Diagnostico generado a partir de la cita', 'Seguir indicaciones registradas', 92),
    (90, 'Gastroenteritis', '2026-03-16', 'Diagnostico generado a partir de la cita', 'Seguir indicaciones registradas', 93),
    (91, 'Dermatitis leve', '2026-04-19', 'Diagnostico generado a partir de la cita', 'Seguir indicaciones registradas', 94),
    (92, 'Otitis', '2026-05-22', 'Diagnostico generado a partir de la cita', 'Seguir indicaciones registradas', 95),
    (93, 'Parasitosis', '2026-06-01', 'Diagnostico generado a partir de la cita', 'Seguir indicaciones registradas', 96),
    (94, 'Revision dental', '2025-07-04', 'Diagnostico generado a partir de la cita', 'Seguir indicaciones registradas', 97),
    (95, 'Dolor articular', '2025-08-07', 'Diagnostico generado a partir de la cita', 'Seguir indicaciones registradas', 98),
    (96, 'Herida superficial', '2025-09-10', 'Diagnostico generado a partir de la cita', 'Seguir indicaciones registradas', 99),
    (97, 'Control preventivo', '2025-11-16', 'Diagnostico generado a partir de la cita', 'Seguir indicaciones registradas', 101),
    (98, 'Gastroenteritis', '2025-12-19', 'Diagnostico generado a partir de la cita', 'Seguir indicaciones registradas', 102),
    (99, 'Dermatitis leve', '2026-01-22', 'Diagnostico generado a partir de la cita', 'Seguir indicaciones registradas', 103),
    (100, 'Otitis', '2026-02-01', 'Diagnostico generado a partir de la cita', 'Seguir indicaciones registradas', 104),
    (101, 'Parasitosis', '2026-03-04', 'Diagnostico generado a partir de la cita', 'Seguir indicaciones registradas', 105),
    (102, 'Revision dental', '2026-04-07', 'Diagnostico generado a partir de la cita', 'Seguir indicaciones registradas', 106),
    (103, 'Dolor articular', '2026-05-10', 'Diagnostico generado a partir de la cita', 'Seguir indicaciones registradas', 107),
    (104, 'Herida superficial', '2026-06-13', 'Diagnostico generado a partir de la cita', 'Seguir indicaciones registradas', 108),
    (105, 'Control preventivo', '2025-07-16', 'Diagnostico generado a partir de la cita', 'Seguir indicaciones registradas', 109),
    (106, 'Gastroenteritis', '2025-08-19', 'Diagnostico generado a partir de la cita', 'Seguir indicaciones registradas', 110),
    (107, 'Dermatitis leve', '2025-09-22', 'Diagnostico generado a partir de la cita', 'Seguir indicaciones registradas', 111),
    (108, 'Otitis', '2025-10-01', 'Diagnostico generado a partir de la cita', 'Seguir indicaciones registradas', 112),
    (109, 'Parasitosis', '2025-11-04', 'Diagnostico generado a partir de la cita', 'Seguir indicaciones registradas', 113),
    (110, 'Revision dental', '2025-12-07', 'Diagnostico generado a partir de la cita', 'Seguir indicaciones registradas', 114),
    (111, 'Dolor articular', '2026-01-10', 'Diagnostico generado a partir de la cita', 'Seguir indicaciones registradas', 115),
    (112, 'Herida superficial', '2026-02-13', 'Diagnostico generado a partir de la cita', 'Seguir indicaciones registradas', 116),
    (113, 'Control preventivo', '2026-03-16', 'Diagnostico generado a partir de la cita', 'Seguir indicaciones registradas', 117),
    (114, 'Gastroenteritis', '2026-04-19', 'Diagnostico generado a partir de la cita', 'Seguir indicaciones registradas', 118),
    (115, 'Dermatitis leve', '2026-05-22', 'Diagnostico generado a partir de la cita', 'Seguir indicaciones registradas', 119),
    (116, 'Otitis', '2026-06-01', 'Diagnostico generado a partir de la cita', 'Seguir indicaciones registradas', 120),
    (117, 'Parasitosis', '2025-07-04', 'Diagnostico generado a partir de la cita', 'Seguir indicaciones registradas', 121),
    (118, 'Revision dental', '2025-08-07', 'Diagnostico generado a partir de la cita', 'Seguir indicaciones registradas', 122),
    (119, 'Dolor articular', '2025-10-13', 'Diagnostico generado a partir de la cita', 'Seguir indicaciones registradas', 124),
    (120, 'Herida superficial', '2025-11-16', 'Diagnostico generado a partir de la cita', 'Seguir indicaciones registradas', 125),
    (121, 'Control preventivo', '2025-12-19', 'Diagnostico generado a partir de la cita', 'Seguir indicaciones registradas', 126),
    (122, 'Gastroenteritis', '2026-01-22', 'Diagnostico generado a partir de la cita', 'Seguir indicaciones registradas', 127),
    (123, 'Dermatitis leve', '2026-02-01', 'Diagnostico generado a partir de la cita', 'Seguir indicaciones registradas', 128),
    (124, 'Otitis', '2026-03-04', 'Diagnostico generado a partir de la cita', 'Seguir indicaciones registradas', 129),
    (125, 'Parasitosis', '2026-04-07', 'Diagnostico generado a partir de la cita', 'Seguir indicaciones registradas', 130),
    (126, 'Revision dental', '2026-05-10', 'Diagnostico generado a partir de la cita', 'Seguir indicaciones registradas', 131),
    (127, 'Dolor articular', '2026-06-13', 'Diagnostico generado a partir de la cita', 'Seguir indicaciones registradas', 132),
    (128, 'Herida superficial', '2025-07-16', 'Diagnostico generado a partir de la cita', 'Seguir indicaciones registradas', 133),
    (129, 'Control preventivo', '2025-08-19', 'Diagnostico generado a partir de la cita', 'Seguir indicaciones registradas', 134),
    (130, 'Gastroenteritis', '2025-09-22', 'Diagnostico generado a partir de la cita', 'Seguir indicaciones registradas', 135),
    (131, 'Dermatitis leve', '2025-10-01', 'Diagnostico generado a partir de la cita', 'Seguir indicaciones registradas', 136),
    (132, 'Otitis', '2025-11-04', 'Diagnostico generado a partir de la cita', 'Seguir indicaciones registradas', 137),
    (133, 'Parasitosis', '2025-12-07', 'Diagnostico generado a partir de la cita', 'Seguir indicaciones registradas', 138),
    (134, 'Revision dental', '2026-01-10', 'Diagnostico generado a partir de la cita', 'Seguir indicaciones registradas', 139),
    (135, 'Dolor articular', '2026-02-13', 'Diagnostico generado a partir de la cita', 'Seguir indicaciones registradas', 140),
    (136, 'Herida superficial', '2026-03-16', 'Diagnostico generado a partir de la cita', 'Seguir indicaciones registradas', 141),
    (137, 'Control preventivo', '2026-04-19', 'Diagnostico generado a partir de la cita', 'Seguir indicaciones registradas', 142),
    (138, 'Gastroenteritis', '2026-05-22', 'Diagnostico generado a partir de la cita', 'Seguir indicaciones registradas', 143),
    (139, 'Dermatitis leve', '2026-06-01', 'Diagnostico generado a partir de la cita', 'Seguir indicaciones registradas', 144),
    (140, 'Otitis', '2025-07-04', 'Diagnostico generado a partir de la cita', 'Seguir indicaciones registradas', 145),
    (141, 'Parasitosis', '2025-09-10', 'Diagnostico generado a partir de la cita', 'Seguir indicaciones registradas', 147),
    (142, 'Revision dental', '2025-10-13', 'Diagnostico generado a partir de la cita', 'Seguir indicaciones registradas', 148),
    (143, 'Dolor articular', '2025-11-16', 'Diagnostico generado a partir de la cita', 'Seguir indicaciones registradas', 149),
    (144, 'Herida superficial', '2025-12-19', 'Diagnostico generado a partir de la cita', 'Seguir indicaciones registradas', 150),
    (145, 'Control preventivo', '2026-01-22', 'Diagnostico generado a partir de la cita', 'Seguir indicaciones registradas', 151),
    (146, 'Gastroenteritis', '2026-02-01', 'Diagnostico generado a partir de la cita', 'Seguir indicaciones registradas', 152),
    (147, 'Dermatitis leve', '2026-03-04', 'Diagnostico generado a partir de la cita', 'Seguir indicaciones registradas', 153),
    (148, 'Otitis', '2026-04-07', 'Diagnostico generado a partir de la cita', 'Seguir indicaciones registradas', 154),
    (149, 'Parasitosis', '2026-05-10', 'Diagnostico generado a partir de la cita', 'Seguir indicaciones registradas', 155),
    (150, 'Revision dental', '2026-06-13', 'Diagnostico generado a partir de la cita', 'Seguir indicaciones registradas', 156),
    (151, 'Dolor articular', '2025-07-16', 'Diagnostico generado a partir de la cita', 'Seguir indicaciones registradas', 157),
    (152, 'Herida superficial', '2025-08-19', 'Diagnostico generado a partir de la cita', 'Seguir indicaciones registradas', 158),
    (153, 'Control preventivo', '2025-09-22', 'Diagnostico generado a partir de la cita', 'Seguir indicaciones registradas', 159),
    (154, 'Gastroenteritis', '2025-10-01', 'Diagnostico generado a partir de la cita', 'Seguir indicaciones registradas', 160),
    (155, 'Dermatitis leve', '2025-11-04', 'Diagnostico generado a partir de la cita', 'Seguir indicaciones registradas', 161),
    (156, 'Otitis', '2025-12-07', 'Diagnostico generado a partir de la cita', 'Seguir indicaciones registradas', 162),
    (157, 'Parasitosis', '2026-01-10', 'Diagnostico generado a partir de la cita', 'Seguir indicaciones registradas', 163),
    (158, 'Revision dental', '2026-02-13', 'Diagnostico generado a partir de la cita', 'Seguir indicaciones registradas', 164),
    (159, 'Dolor articular', '2026-03-16', 'Diagnostico generado a partir de la cita', 'Seguir indicaciones registradas', 165),
    (160, 'Herida superficial', '2026-04-19', 'Diagnostico generado a partir de la cita', 'Seguir indicaciones registradas', 166),
    (161, 'Control preventivo', '2026-05-22', 'Diagnostico generado a partir de la cita', 'Seguir indicaciones registradas', 167),
    (162, 'Gastroenteritis', '2026-06-01', 'Diagnostico generado a partir de la cita', 'Seguir indicaciones registradas', 168),
    (163, 'Dermatitis leve', '2025-08-07', 'Diagnostico generado a partir de la cita', 'Seguir indicaciones registradas', 170),
    (164, 'Otitis', '2025-09-10', 'Diagnostico generado a partir de la cita', 'Seguir indicaciones registradas', 171),
    (165, 'Parasitosis', '2025-10-13', 'Diagnostico generado a partir de la cita', 'Seguir indicaciones registradas', 172),
    (166, 'Revision dental', '2025-11-16', 'Diagnostico generado a partir de la cita', 'Seguir indicaciones registradas', 173),
    (167, 'Dolor articular', '2025-12-19', 'Diagnostico generado a partir de la cita', 'Seguir indicaciones registradas', 174),
    (168, 'Herida superficial', '2026-01-22', 'Diagnostico generado a partir de la cita', 'Seguir indicaciones registradas', 175),
    (169, 'Control preventivo', '2026-02-01', 'Diagnostico generado a partir de la cita', 'Seguir indicaciones registradas', 176),
    (170, 'Gastroenteritis', '2026-03-04', 'Diagnostico generado a partir de la cita', 'Seguir indicaciones registradas', 177),
    (171, 'Dermatitis leve', '2026-04-07', 'Diagnostico generado a partir de la cita', 'Seguir indicaciones registradas', 178),
    (172, 'Otitis', '2026-05-10', 'Diagnostico generado a partir de la cita', 'Seguir indicaciones registradas', 179),
    (173, 'Parasitosis', '2026-06-13', 'Diagnostico generado a partir de la cita', 'Seguir indicaciones registradas', 180),
    (174, 'Revision dental', '2025-07-16', 'Diagnostico generado a partir de la cita', 'Seguir indicaciones registradas', 181),
    (175, 'Dolor articular', '2025-09-22', 'Diagnostico generado a partir de la cita', 'Seguir indicaciones registradas', 183),
    (176, 'Herida superficial', '2025-10-01', 'Diagnostico generado a partir de la cita', 'Seguir indicaciones registradas', 184),
    (177, 'Control preventivo', '2025-11-04', 'Diagnostico generado a partir de la cita', 'Seguir indicaciones registradas', 185),
    (178, 'Gastroenteritis', '2025-12-07', 'Diagnostico generado a partir de la cita', 'Seguir indicaciones registradas', 186),
    (179, 'Dermatitis leve', '2026-01-10', 'Diagnostico generado a partir de la cita', 'Seguir indicaciones registradas', 187),
    (180, 'Otitis', '2026-02-13', 'Diagnostico generado a partir de la cita', 'Seguir indicaciones registradas', 188),
    (181, 'Parasitosis', '2026-03-16', 'Diagnostico generado a partir de la cita', 'Seguir indicaciones registradas', 189),
    (182, 'Revision dental', '2026-04-19', 'Diagnostico generado a partir de la cita', 'Seguir indicaciones registradas', 190),
    (183, 'Dolor articular', '2026-06-01', 'Diagnostico generado a partir de la cita', 'Seguir indicaciones registradas', 192),
    (184, 'Herida superficial', '2025-07-04', 'Diagnostico generado a partir de la cita', 'Seguir indicaciones registradas', 193),
    (185, 'Control preventivo', '2025-08-07', 'Diagnostico generado a partir de la cita', 'Seguir indicaciones registradas', 194),
    (186, 'Gastroenteritis', '2025-09-10', 'Diagnostico generado a partir de la cita', 'Seguir indicaciones registradas', 195),
    (187, 'Dermatitis leve', '2025-10-13', 'Diagnostico generado a partir de la cita', 'Seguir indicaciones registradas', 196),
    (188, 'Otitis', '2025-11-16', 'Diagnostico generado a partir de la cita', 'Seguir indicaciones registradas', 197),
    (189, 'Parasitosis', '2026-01-22', 'Diagnostico generado a partir de la cita', 'Seguir indicaciones registradas', 199),
    (190, 'Revision dental', '2026-02-01', 'Diagnostico generado a partir de la cita', 'Seguir indicaciones registradas', 200);

INSERT INTO tratamiento (id_tratamiento, nombre_tratamiento, descripcion_tratamiento, fecha_inicio, fecha_fin, estado_tratamiento, id_diagnostico) VALUES
    (1, 'Tratamiento preventivo', 'Tratamiento preventivo indicado segun diagnostico', '2025-07-09', '2025-07-16', 'Finalizado', 1),
    (2, 'Tratamiento digestivo', 'Tratamiento digestivo indicado segun diagnostico', '2025-07-14', '2025-07-21', 'Finalizado', 2),
    (3, 'Tratamiento dermatologico', 'Tratamiento dermatologico indicado segun diagnostico', '2025-07-19', '2025-07-26', 'Finalizado', 3),
    (4, 'Tratamiento auditivo', 'Tratamiento auditivo indicado segun diagnostico', '2025-07-24', '2025-07-31', 'Finalizado', 4),
    (5, 'Desparasitacion terapeutica', 'Desparasitacion terapeutica indicado segun diagnostico', '2025-08-09', '2025-08-16', 'Finalizado', 5),
    (6, 'Tratamiento dental', 'Tratamiento dental indicado segun diagnostico', '2025-08-14', '2025-08-21', 'Finalizado', 6),
    (7, 'Tratamiento articular', 'Tratamiento articular indicado segun diagnostico', '2025-08-19', '2025-08-26', 'Finalizado', 7),
    (8, 'Curacion de herida', 'Curacion de herida indicado segun diagnostico', '2025-08-24', '2025-08-31', 'Finalizado', 8),
    (9, 'Tratamiento preventivo', 'Tratamiento preventivo indicado segun diagnostico', '2025-09-09', '2025-09-16', 'Finalizado', 9),
    (10, 'Tratamiento digestivo', 'Tratamiento digestivo indicado segun diagnostico', '2025-09-14', '2025-09-21', 'Finalizado', 10),
    (11, 'Tratamiento dermatologico', 'Tratamiento dermatologico indicado segun diagnostico', '2025-09-19', '2025-09-26', 'Finalizado', 11),
    (12, 'Tratamiento auditivo', 'Tratamiento auditivo indicado segun diagnostico', '2025-09-24', '2025-10-01', 'Finalizado', 12),
    (13, 'Desparasitacion terapeutica', 'Desparasitacion terapeutica indicado segun diagnostico', '2025-10-09', '2025-10-16', 'Finalizado', 13),
    (14, 'Tratamiento dental', 'Tratamiento dental indicado segun diagnostico', '2025-10-14', '2025-10-21', 'Finalizado', 14),
    (15, 'Tratamiento articular', 'Tratamiento articular indicado segun diagnostico', '2025-10-19', '2025-10-26', 'Finalizado', 15),
    (16, 'Curacion de herida', 'Curacion de herida indicado segun diagnostico', '2025-10-24', '2025-10-31', 'Finalizado', 16),
    (17, 'Tratamiento preventivo', 'Tratamiento preventivo indicado segun diagnostico', '2025-11-09', '2025-11-16', 'Finalizado', 17),
    (18, 'Tratamiento digestivo', 'Tratamiento digestivo indicado segun diagnostico', '2025-11-14', '2025-11-21', 'Finalizado', 18),
    (19, 'Tratamiento dermatologico', 'Tratamiento dermatologico indicado segun diagnostico', '2025-11-19', '2025-11-26', 'Finalizado', 19),
    (20, 'Tratamiento auditivo', 'Tratamiento auditivo indicado segun diagnostico', '2025-11-24', '2025-12-01', 'Finalizado', 20),
    (21, 'Desparasitacion terapeutica', 'Desparasitacion terapeutica indicado segun diagnostico', '2026-03-09', '2026-03-16', 'Finalizado', 21),
    (22, 'Tratamiento dental', 'Tratamiento dental indicado segun diagnostico', '2026-03-14', '2026-03-21', 'Finalizado', 22),
    (23, 'Tratamiento articular', 'Tratamiento articular indicado segun diagnostico', '2026-03-19', '2026-03-26', 'Finalizado', 23),
    (24, 'Curacion de herida', 'Curacion de herida indicado segun diagnostico', '2026-04-09', '2026-04-16', 'Finalizado', 24),
    (25, 'Tratamiento preventivo', 'Tratamiento preventivo indicado segun diagnostico', '2026-04-14', '2026-04-21', 'Finalizado', 25),
    (26, 'Tratamiento digestivo', 'Tratamiento digestivo indicado segun diagnostico', '2026-04-19', '2026-04-26', 'Finalizado', 26),
    (27, 'Tratamiento dermatologico', 'Tratamiento dermatologico indicado segun diagnostico', '2026-05-09', '2026-05-16', 'Finalizado', 27),
    (28, 'Tratamiento auditivo', 'Tratamiento auditivo indicado segun diagnostico', '2026-05-14', '2026-05-21', 'Finalizado', 28),
    (29, 'Desparasitacion terapeutica', 'Desparasitacion terapeutica indicado segun diagnostico', '2026-05-19', '2026-05-26', 'Finalizado', 29),
    (30, 'Tratamiento dental', 'Tratamiento dental indicado segun diagnostico', '2026-06-09', '2026-06-16', 'Activo', 30),
    (31, 'Tratamiento articular', 'Tratamiento articular indicado segun diagnostico', '2026-06-18', '2026-06-25', 'Activo', 31),
    (32, 'Curacion de herida', 'Curacion de herida indicado segun diagnostico', '2025-07-09', '2025-07-16', 'Finalizado', 32),
    (33, 'Tratamiento preventivo', 'Tratamiento preventivo indicado segun diagnostico', '2025-07-14', '2025-07-21', 'Finalizado', 33),
    (34, 'Tratamiento digestivo', 'Tratamiento digestivo indicado segun diagnostico', '2025-07-19', '2025-07-26', 'Finalizado', 34),
    (35, 'Tratamiento dermatologico', 'Tratamiento dermatologico indicado segun diagnostico', '2025-08-09', '2025-08-16', 'Finalizado', 35),
    (36, 'Tratamiento auditivo', 'Tratamiento auditivo indicado segun diagnostico', '2025-08-14', '2025-08-21', 'Finalizado', 36),
    (37, 'Desparasitacion terapeutica', 'Desparasitacion terapeutica indicado segun diagnostico', '2025-08-19', '2025-08-26', 'Finalizado', 37),
    (38, 'Tratamiento dental', 'Tratamiento dental indicado segun diagnostico', '2025-09-09', '2025-09-16', 'Finalizado', 38),
    (39, 'Tratamiento articular', 'Tratamiento articular indicado segun diagnostico', '2025-09-14', '2025-09-21', 'Finalizado', 39),
    (40, 'Curacion de herida', 'Curacion de herida indicado segun diagnostico', '2025-09-19', '2025-09-26', 'Finalizado', 40),
    (41, 'Tratamiento preventivo', 'Tratamiento preventivo indicado segun diagnostico', '2025-10-09', '2025-10-16', 'Finalizado', 41),
    (42, 'Tratamiento digestivo', 'Tratamiento digestivo indicado segun diagnostico', '2025-10-14', '2025-10-21', 'Finalizado', 42),
    (43, 'Tratamiento dermatologico', 'Tratamiento dermatologico indicado segun diagnostico', '2025-10-19', '2025-10-26', 'Finalizado', 43),
    (44, 'Tratamiento auditivo', 'Tratamiento auditivo indicado segun diagnostico', '2025-11-09', '2025-11-16', 'Finalizado', 44),
    (45, 'Desparasitacion terapeutica', 'Desparasitacion terapeutica indicado segun diagnostico', '2025-11-14', '2025-11-21', 'Finalizado', 45),
    (46, 'Tratamiento dental', 'Tratamiento dental indicado segun diagnostico', '2025-11-19', '2025-11-26', 'Finalizado', 46),
    (47, 'Tratamiento articular', 'Tratamiento articular indicado segun diagnostico', '2025-12-09', '2025-12-16', 'Finalizado', 47),
    (48, 'Curacion de herida', 'Curacion de herida indicado segun diagnostico', '2025-12-14', '2025-12-21', 'Finalizado', 48),
    (49, 'Tratamiento preventivo', 'Tratamiento preventivo indicado segun diagnostico', '2025-12-19', '2025-12-26', 'Finalizado', 49),
    (50, 'Tratamiento digestivo', 'Tratamiento digestivo indicado segun diagnostico', '2025-09-10', '2025-09-17', 'Finalizado', 50),
    (51, 'Tratamiento dermatologico', 'Tratamiento dermatologico indicado segun diagnostico', '2025-10-13', '2025-10-20', 'Finalizado', 51),
    (52, 'Tratamiento auditivo', 'Tratamiento auditivo indicado segun diagnostico', '2025-11-16', '2025-11-23', 'Finalizado', 52),
    (53, 'Desparasitacion terapeutica', 'Desparasitacion terapeutica indicado segun diagnostico', '2026-01-22', '2026-01-29', 'Finalizado', 53),
    (54, 'Tratamiento dental', 'Tratamiento dental indicado segun diagnostico', '2026-02-01', '2026-02-08', 'Finalizado', 54),
    (55, 'Tratamiento articular', 'Tratamiento articular indicado segun diagnostico', '2026-03-04', '2026-03-11', 'Finalizado', 55),
    (56, 'Curacion de herida', 'Curacion de herida indicado segun diagnostico', '2026-04-07', '2026-04-14', 'Finalizado', 56),
    (57, 'Tratamiento preventivo', 'Tratamiento preventivo indicado segun diagnostico', '2026-05-10', '2026-05-17', 'Finalizado', 57),
    (58, 'Tratamiento digestivo', 'Tratamiento digestivo indicado segun diagnostico', '2026-06-13', '2026-06-20', 'Activo', 58),
    (59, 'Tratamiento dermatologico', 'Tratamiento dermatologico indicado segun diagnostico', '2025-07-16', '2025-07-23', 'Finalizado', 59),
    (60, 'Tratamiento auditivo', 'Tratamiento auditivo indicado segun diagnostico', '2025-08-19', '2025-08-26', 'Finalizado', 60),
    (61, 'Desparasitacion terapeutica', 'Desparasitacion terapeutica indicado segun diagnostico', '2025-09-22', '2025-09-29', 'Finalizado', 61),
    (62, 'Tratamiento dental', 'Tratamiento dental indicado segun diagnostico', '2025-10-01', '2025-10-08', 'Finalizado', 62),
    (63, 'Tratamiento articular', 'Tratamiento articular indicado segun diagnostico', '2025-11-04', '2025-11-11', 'Finalizado', 63),
    (64, 'Curacion de herida', 'Curacion de herida indicado segun diagnostico', '2025-12-07', '2025-12-14', 'Finalizado', 64),
    (65, 'Tratamiento preventivo', 'Tratamiento preventivo indicado segun diagnostico', '2026-01-10', '2026-01-17', 'Finalizado', 65),
    (66, 'Tratamiento digestivo', 'Tratamiento digestivo indicado segun diagnostico', '2026-02-13', '2026-02-20', 'Finalizado', 66),
    (67, 'Tratamiento dermatologico', 'Tratamiento dermatologico indicado segun diagnostico', '2026-03-16', '2026-03-23', 'Finalizado', 67),
    (68, 'Tratamiento auditivo', 'Tratamiento auditivo indicado segun diagnostico', '2026-04-19', '2026-04-26', 'Finalizado', 68),
    (69, 'Desparasitacion terapeutica', 'Desparasitacion terapeutica indicado segun diagnostico', '2026-05-22', '2026-05-29', 'Finalizado', 69),
    (70, 'Tratamiento dental', 'Tratamiento dental indicado segun diagnostico', '2026-06-01', '2026-06-08', 'Activo', 70),
    (71, 'Tratamiento articular', 'Tratamiento articular indicado segun diagnostico', '2025-07-04', '2025-07-11', 'Finalizado', 71),
    (72, 'Curacion de herida', 'Curacion de herida indicado segun diagnostico', '2025-08-07', '2025-08-14', 'Finalizado', 72),
    (73, 'Tratamiento preventivo', 'Tratamiento preventivo indicado segun diagnostico', '2025-09-10', '2025-09-17', 'Finalizado', 73),
    (74, 'Tratamiento digestivo', 'Tratamiento digestivo indicado segun diagnostico', '2025-10-13', '2025-10-20', 'Finalizado', 74),
    (75, 'Tratamiento dermatologico', 'Tratamiento dermatologico indicado segun diagnostico', '2025-12-19', '2025-12-26', 'Finalizado', 75),
    (76, 'Tratamiento auditivo', 'Tratamiento auditivo indicado segun diagnostico', '2026-01-22', '2026-01-29', 'Finalizado', 76),
    (77, 'Desparasitacion terapeutica', 'Desparasitacion terapeutica indicado segun diagnostico', '2026-02-01', '2026-02-08', 'Finalizado', 77),
    (78, 'Tratamiento dental', 'Tratamiento dental indicado segun diagnostico', '2026-03-04', '2026-03-11', 'Finalizado', 78),
    (79, 'Tratamiento articular', 'Tratamiento articular indicado segun diagnostico', '2026-04-07', '2026-04-14', 'Finalizado', 79),
    (80, 'Curacion de herida', 'Curacion de herida indicado segun diagnostico', '2026-05-10', '2026-05-17', 'Finalizado', 80),
    (81, 'Tratamiento preventivo', 'Tratamiento preventivo indicado segun diagnostico', '2026-06-13', '2026-06-20', 'Activo', 81),
    (82, 'Tratamiento digestivo', 'Tratamiento digestivo indicado segun diagnostico', '2025-07-16', '2025-07-23', 'Finalizado', 82),
    (83, 'Tratamiento dermatologico', 'Tratamiento dermatologico indicado segun diagnostico', '2025-08-19', '2025-08-26', 'Finalizado', 83),
    (84, 'Tratamiento auditivo', 'Tratamiento auditivo indicado segun diagnostico', '2025-09-22', '2025-09-29', 'Finalizado', 84),
    (85, 'Desparasitacion terapeutica', 'Desparasitacion terapeutica indicado segun diagnostico', '2025-10-01', '2025-10-08', 'Finalizado', 85),
    (86, 'Tratamiento dental', 'Tratamiento dental indicado segun diagnostico', '2025-11-04', '2025-11-11', 'Finalizado', 86),
    (87, 'Tratamiento articular', 'Tratamiento articular indicado segun diagnostico', '2025-12-07', '2025-12-14', 'Finalizado', 87),
    (88, 'Curacion de herida', 'Curacion de herida indicado segun diagnostico', '2026-01-10', '2026-01-17', 'Finalizado', 88),
    (89, 'Tratamiento preventivo', 'Tratamiento preventivo indicado segun diagnostico', '2026-02-13', '2026-02-20', 'Finalizado', 89),
    (90, 'Tratamiento digestivo', 'Tratamiento digestivo indicado segun diagnostico', '2026-03-16', '2026-03-23', 'Finalizado', 90),
    (91, 'Tratamiento dermatologico', 'Tratamiento dermatologico indicado segun diagnostico', '2026-04-19', '2026-04-26', 'Finalizado', 91),
    (92, 'Tratamiento auditivo', 'Tratamiento auditivo indicado segun diagnostico', '2026-05-22', '2026-05-29', 'Finalizado', 92),
    (93, 'Desparasitacion terapeutica', 'Desparasitacion terapeutica indicado segun diagnostico', '2026-06-01', '2026-06-08', 'Activo', 93),
    (94, 'Tratamiento dental', 'Tratamiento dental indicado segun diagnostico', '2025-07-04', '2025-07-11', 'Finalizado', 94),
    (95, 'Tratamiento articular', 'Tratamiento articular indicado segun diagnostico', '2025-08-07', '2025-08-14', 'Finalizado', 95),
    (96, 'Curacion de herida', 'Curacion de herida indicado segun diagnostico', '2025-09-10', '2025-09-17', 'Finalizado', 96),
    (97, 'Tratamiento preventivo', 'Tratamiento preventivo indicado segun diagnostico', '2025-11-16', '2025-11-23', 'Finalizado', 97),
    (98, 'Tratamiento digestivo', 'Tratamiento digestivo indicado segun diagnostico', '2025-12-19', '2025-12-26', 'Finalizado', 98),
    (99, 'Tratamiento dermatologico', 'Tratamiento dermatologico indicado segun diagnostico', '2026-01-22', '2026-01-29', 'Finalizado', 99),
    (100, 'Tratamiento auditivo', 'Tratamiento auditivo indicado segun diagnostico', '2026-02-01', '2026-02-08', 'Finalizado', 100),
    (101, 'Desparasitacion terapeutica', 'Desparasitacion terapeutica indicado segun diagnostico', '2026-03-04', '2026-03-11', 'Finalizado', 101),
    (102, 'Tratamiento dental', 'Tratamiento dental indicado segun diagnostico', '2026-04-07', '2026-04-14', 'Finalizado', 102),
    (103, 'Tratamiento articular', 'Tratamiento articular indicado segun diagnostico', '2026-05-10', '2026-05-17', 'Finalizado', 103),
    (104, 'Curacion de herida', 'Curacion de herida indicado segun diagnostico', '2026-06-13', '2026-06-20', 'Activo', 104),
    (105, 'Tratamiento preventivo', 'Tratamiento preventivo indicado segun diagnostico', '2025-07-16', '2025-07-23', 'Finalizado', 105),
    (106, 'Tratamiento digestivo', 'Tratamiento digestivo indicado segun diagnostico', '2025-08-19', '2025-08-26', 'Finalizado', 106),
    (107, 'Tratamiento dermatologico', 'Tratamiento dermatologico indicado segun diagnostico', '2025-09-22', '2025-09-29', 'Finalizado', 107),
    (108, 'Tratamiento auditivo', 'Tratamiento auditivo indicado segun diagnostico', '2025-10-01', '2025-10-08', 'Finalizado', 108),
    (109, 'Desparasitacion terapeutica', 'Desparasitacion terapeutica indicado segun diagnostico', '2025-11-04', '2025-11-11', 'Finalizado', 109),
    (110, 'Tratamiento dental', 'Tratamiento dental indicado segun diagnostico', '2025-12-07', '2025-12-14', 'Finalizado', 110),
    (111, 'Tratamiento articular', 'Tratamiento articular indicado segun diagnostico', '2026-01-10', '2026-01-17', 'Finalizado', 111),
    (112, 'Curacion de herida', 'Curacion de herida indicado segun diagnostico', '2026-02-13', '2026-02-20', 'Finalizado', 112),
    (113, 'Tratamiento preventivo', 'Tratamiento preventivo indicado segun diagnostico', '2026-03-16', '2026-03-23', 'Finalizado', 113),
    (114, 'Tratamiento digestivo', 'Tratamiento digestivo indicado segun diagnostico', '2026-04-19', '2026-04-26', 'Finalizado', 114),
    (115, 'Tratamiento dermatologico', 'Tratamiento dermatologico indicado segun diagnostico', '2026-05-22', '2026-05-29', 'Finalizado', 115),
    (116, 'Tratamiento auditivo', 'Tratamiento auditivo indicado segun diagnostico', '2026-06-01', '2026-06-08', 'Activo', 116),
    (117, 'Desparasitacion terapeutica', 'Desparasitacion terapeutica indicado segun diagnostico', '2025-07-04', '2025-07-11', 'Finalizado', 117),
    (118, 'Tratamiento dental', 'Tratamiento dental indicado segun diagnostico', '2025-08-07', '2025-08-14', 'Finalizado', 118),
    (119, 'Tratamiento articular', 'Tratamiento articular indicado segun diagnostico', '2025-10-13', '2025-10-20', 'Finalizado', 119),
    (120, 'Curacion de herida', 'Curacion de herida indicado segun diagnostico', '2025-11-16', '2025-11-23', 'Finalizado', 120),
    (121, 'Tratamiento preventivo', 'Tratamiento preventivo indicado segun diagnostico', '2025-12-19', '2025-12-26', 'Finalizado', 121),
    (122, 'Tratamiento digestivo', 'Tratamiento digestivo indicado segun diagnostico', '2026-01-22', '2026-01-29', 'Finalizado', 122),
    (123, 'Tratamiento dermatologico', 'Tratamiento dermatologico indicado segun diagnostico', '2026-02-01', '2026-02-08', 'Finalizado', 123),
    (124, 'Tratamiento auditivo', 'Tratamiento auditivo indicado segun diagnostico', '2026-03-04', '2026-03-11', 'Finalizado', 124),
    (125, 'Desparasitacion terapeutica', 'Desparasitacion terapeutica indicado segun diagnostico', '2026-04-07', '2026-04-14', 'Finalizado', 125),
    (126, 'Tratamiento dental', 'Tratamiento dental indicado segun diagnostico', '2026-05-10', '2026-05-17', 'Finalizado', 126),
    (127, 'Tratamiento articular', 'Tratamiento articular indicado segun diagnostico', '2026-06-13', '2026-06-20', 'Activo', 127),
    (128, 'Curacion de herida', 'Curacion de herida indicado segun diagnostico', '2025-07-16', '2025-07-23', 'Finalizado', 128),
    (129, 'Tratamiento preventivo', 'Tratamiento preventivo indicado segun diagnostico', '2025-08-19', '2025-08-26', 'Finalizado', 129),
    (130, 'Tratamiento digestivo', 'Tratamiento digestivo indicado segun diagnostico', '2025-09-22', '2025-09-29', 'Finalizado', 130),
    (131, 'Tratamiento dermatologico', 'Tratamiento dermatologico indicado segun diagnostico', '2025-10-01', '2025-10-08', 'Finalizado', 131),
    (132, 'Tratamiento auditivo', 'Tratamiento auditivo indicado segun diagnostico', '2025-11-04', '2025-11-11', 'Finalizado', 132),
    (133, 'Desparasitacion terapeutica', 'Desparasitacion terapeutica indicado segun diagnostico', '2025-12-07', '2025-12-14', 'Finalizado', 133),
    (134, 'Tratamiento dental', 'Tratamiento dental indicado segun diagnostico', '2026-01-10', '2026-01-17', 'Finalizado', 134),
    (135, 'Tratamiento articular', 'Tratamiento articular indicado segun diagnostico', '2026-02-13', '2026-02-20', 'Finalizado', 135),
    (136, 'Curacion de herida', 'Curacion de herida indicado segun diagnostico', '2026-03-16', '2026-03-23', 'Finalizado', 136),
    (137, 'Tratamiento preventivo', 'Tratamiento preventivo indicado segun diagnostico', '2026-04-19', '2026-04-26', 'Finalizado', 137),
    (138, 'Tratamiento digestivo', 'Tratamiento digestivo indicado segun diagnostico', '2026-05-22', '2026-05-29', 'Finalizado', 138),
    (139, 'Tratamiento dermatologico', 'Tratamiento dermatologico indicado segun diagnostico', '2026-06-01', '2026-06-08', 'Activo', 139),
    (140, 'Tratamiento auditivo', 'Tratamiento auditivo indicado segun diagnostico', '2025-07-04', '2025-07-11', 'Finalizado', 140),
    (141, 'Desparasitacion terapeutica', 'Desparasitacion terapeutica indicado segun diagnostico', '2025-09-10', '2025-09-17', 'Finalizado', 141),
    (142, 'Tratamiento dental', 'Tratamiento dental indicado segun diagnostico', '2025-10-13', '2025-10-20', 'Finalizado', 142),
    (143, 'Tratamiento articular', 'Tratamiento articular indicado segun diagnostico', '2025-11-16', '2025-11-23', 'Finalizado', 143),
    (144, 'Curacion de herida', 'Curacion de herida indicado segun diagnostico', '2025-12-19', '2025-12-26', 'Finalizado', 144),
    (145, 'Tratamiento preventivo', 'Tratamiento preventivo indicado segun diagnostico', '2026-01-22', '2026-01-29', 'Finalizado', 145),
    (146, 'Tratamiento digestivo', 'Tratamiento digestivo indicado segun diagnostico', '2026-02-01', '2026-02-08', 'Finalizado', 146),
    (147, 'Tratamiento dermatologico', 'Tratamiento dermatologico indicado segun diagnostico', '2026-03-04', '2026-03-11', 'Finalizado', 147),
    (148, 'Tratamiento auditivo', 'Tratamiento auditivo indicado segun diagnostico', '2026-04-07', '2026-04-14', 'Finalizado', 148),
    (149, 'Desparasitacion terapeutica', 'Desparasitacion terapeutica indicado segun diagnostico', '2026-05-10', '2026-05-17', 'Finalizado', 149),
    (150, 'Tratamiento dental', 'Tratamiento dental indicado segun diagnostico', '2026-06-13', '2026-06-20', 'Activo', 150),
    (151, 'Tratamiento articular', 'Tratamiento articular indicado segun diagnostico', '2025-07-16', '2025-07-23', 'Finalizado', 151),
    (152, 'Curacion de herida', 'Curacion de herida indicado segun diagnostico', '2025-08-19', '2025-08-26', 'Finalizado', 152),
    (153, 'Tratamiento preventivo', 'Tratamiento preventivo indicado segun diagnostico', '2025-09-22', '2025-09-29', 'Finalizado', 153),
    (154, 'Tratamiento digestivo', 'Tratamiento digestivo indicado segun diagnostico', '2025-10-01', '2025-10-08', 'Finalizado', 154),
    (155, 'Tratamiento dermatologico', 'Tratamiento dermatologico indicado segun diagnostico', '2025-11-04', '2025-11-11', 'Finalizado', 155),
    (156, 'Tratamiento auditivo', 'Tratamiento auditivo indicado segun diagnostico', '2025-12-07', '2025-12-14', 'Finalizado', 156),
    (157, 'Desparasitacion terapeutica', 'Desparasitacion terapeutica indicado segun diagnostico', '2026-01-10', '2026-01-17', 'Finalizado', 157),
    (158, 'Tratamiento dental', 'Tratamiento dental indicado segun diagnostico', '2026-02-13', '2026-02-20', 'Finalizado', 158),
    (159, 'Tratamiento articular', 'Tratamiento articular indicado segun diagnostico', '2026-03-16', '2026-03-23', 'Finalizado', 159),
    (160, 'Curacion de herida', 'Curacion de herida indicado segun diagnostico', '2026-04-19', '2026-04-26', 'Finalizado', 160),
    (161, 'Tratamiento preventivo', 'Tratamiento preventivo indicado segun diagnostico', '2026-05-22', '2026-05-29', 'Finalizado', 161),
    (162, 'Tratamiento digestivo', 'Tratamiento digestivo indicado segun diagnostico', '2026-06-01', '2026-06-08', 'Activo', 162),
    (163, 'Tratamiento dermatologico', 'Tratamiento dermatologico indicado segun diagnostico', '2025-08-07', '2025-08-14', 'Finalizado', 163),
    (164, 'Tratamiento auditivo', 'Tratamiento auditivo indicado segun diagnostico', '2025-09-10', '2025-09-17', 'Finalizado', 164),
    (165, 'Desparasitacion terapeutica', 'Desparasitacion terapeutica indicado segun diagnostico', '2025-10-13', '2025-10-20', 'Finalizado', 165),
    (166, 'Tratamiento dental', 'Tratamiento dental indicado segun diagnostico', '2025-11-16', '2025-11-23', 'Finalizado', 166),
    (167, 'Tratamiento articular', 'Tratamiento articular indicado segun diagnostico', '2025-12-19', '2025-12-26', 'Finalizado', 167),
    (168, 'Curacion de herida', 'Curacion de herida indicado segun diagnostico', '2026-01-22', '2026-01-29', 'Finalizado', 168),
    (169, 'Tratamiento preventivo', 'Tratamiento preventivo indicado segun diagnostico', '2026-02-01', '2026-02-08', 'Finalizado', 169),
    (170, 'Tratamiento digestivo', 'Tratamiento digestivo indicado segun diagnostico', '2026-03-04', '2026-03-11', 'Finalizado', 170),
    (171, 'Tratamiento dermatologico', 'Tratamiento dermatologico indicado segun diagnostico', '2026-04-07', '2026-04-14', 'Finalizado', 171),
    (172, 'Tratamiento auditivo', 'Tratamiento auditivo indicado segun diagnostico', '2026-05-10', '2026-05-17', 'Finalizado', 172),
    (173, 'Desparasitacion terapeutica', 'Desparasitacion terapeutica indicado segun diagnostico', '2026-06-13', '2026-06-20', 'Activo', 173),
    (174, 'Tratamiento dental', 'Tratamiento dental indicado segun diagnostico', '2025-07-16', '2025-07-23', 'Finalizado', 174),
    (175, 'Tratamiento articular', 'Tratamiento articular indicado segun diagnostico', '2025-09-22', '2025-09-29', 'Finalizado', 175),
    (176, 'Curacion de herida', 'Curacion de herida indicado segun diagnostico', '2025-10-01', '2025-10-08', 'Finalizado', 176),
    (177, 'Tratamiento preventivo', 'Tratamiento preventivo indicado segun diagnostico', '2025-11-04', '2025-11-11', 'Finalizado', 177),
    (178, 'Tratamiento digestivo', 'Tratamiento digestivo indicado segun diagnostico', '2025-12-07', '2025-12-14', 'Finalizado', 178),
    (179, 'Tratamiento dermatologico', 'Tratamiento dermatologico indicado segun diagnostico', '2026-01-10', '2026-01-17', 'Finalizado', 179),
    (180, 'Tratamiento auditivo', 'Tratamiento auditivo indicado segun diagnostico', '2026-02-13', '2026-02-20', 'Finalizado', 180),
    (181, 'Desparasitacion terapeutica', 'Desparasitacion terapeutica indicado segun diagnostico', '2026-03-16', '2026-03-23', 'Finalizado', 181),
    (182, 'Tratamiento dental', 'Tratamiento dental indicado segun diagnostico', '2026-04-19', '2026-04-26', 'Finalizado', 182),
    (183, 'Tratamiento articular', 'Tratamiento articular indicado segun diagnostico', '2026-06-01', '2026-06-08', 'Activo', 183),
    (184, 'Curacion de herida', 'Curacion de herida indicado segun diagnostico', '2025-07-04', '2025-07-11', 'Finalizado', 184),
    (185, 'Tratamiento preventivo', 'Tratamiento preventivo indicado segun diagnostico', '2025-08-07', '2025-08-14', 'Finalizado', 185),
    (186, 'Tratamiento digestivo', 'Tratamiento digestivo indicado segun diagnostico', '2025-09-10', '2025-09-17', 'Finalizado', 186),
    (187, 'Tratamiento dermatologico', 'Tratamiento dermatologico indicado segun diagnostico', '2025-10-13', '2025-10-20', 'Finalizado', 187),
    (188, 'Tratamiento auditivo', 'Tratamiento auditivo indicado segun diagnostico', '2025-11-16', '2025-11-23', 'Finalizado', 188),
    (189, 'Desparasitacion terapeutica', 'Desparasitacion terapeutica indicado segun diagnostico', '2026-01-22', '2026-01-29', 'Finalizado', 189),
    (190, 'Tratamiento dental', 'Tratamiento dental indicado segun diagnostico', '2026-02-01', '2026-02-08', 'Finalizado', 190);

INSERT INTO procedimiento (id_procedimiento, nombre_procedimiento, descripcion_procedimiento, estado_procedimiento, id_diagnostico) VALUES
    (1, 'Consulta General', 'Evaluacion fisica completa', 'Realizado', 1),
    (2, 'Vacunacion', 'Aplicacion de vacuna preventiva', 'Realizado', 2),
    (3, 'Curacion', 'Limpieza y curacion de herida', 'Realizado', 3),
    (4, 'Limpieza Dental', 'Limpieza dental basica', 'Realizado', 4),
    (5, 'Desparasitacion', 'Aplicacion de tratamiento antiparasitario', 'Realizado', 5),
    (6, 'Revision Dermatologica', 'Revision de piel y pelaje', 'Realizado', 6),
    (7, 'Control de Oido', 'Limpieza y revision de oido', 'Realizado', 7),
    (8, 'Control Preventivo', 'Revision general de control', 'Realizado', 8),
    (9, 'Consulta General', 'Evaluacion fisica completa', 'Realizado', 9),
    (10, 'Vacunacion', 'Aplicacion de vacuna preventiva', 'Realizado', 10),
    (11, 'Curacion', 'Limpieza y curacion de herida', 'Realizado', 11),
    (12, 'Limpieza Dental', 'Limpieza dental basica', 'Realizado', 12),
    (13, 'Desparasitacion', 'Aplicacion de tratamiento antiparasitario', 'Realizado', 13),
    (14, 'Revision Dermatologica', 'Revision de piel y pelaje', 'Realizado', 14),
    (15, 'Control de Oido', 'Limpieza y revision de oido', 'Realizado', 15),
    (16, 'Control Preventivo', 'Revision general de control', 'Realizado', 16),
    (17, 'Consulta General', 'Evaluacion fisica completa', 'Realizado', 17),
    (18, 'Vacunacion', 'Aplicacion de vacuna preventiva', 'Realizado', 18),
    (19, 'Curacion', 'Limpieza y curacion de herida', 'Realizado', 19),
    (20, 'Limpieza Dental', 'Limpieza dental basica', 'Realizado', 20),
    (21, 'Desparasitacion', 'Aplicacion de tratamiento antiparasitario', 'Realizado', 21),
    (22, 'Revision Dermatologica', 'Revision de piel y pelaje', 'Realizado', 22),
    (23, 'Control de Oido', 'Limpieza y revision de oido', 'Realizado', 23),
    (24, 'Control Preventivo', 'Revision general de control', 'Realizado', 24),
    (25, 'Consulta General', 'Evaluacion fisica completa', 'Realizado', 25),
    (26, 'Vacunacion', 'Aplicacion de vacuna preventiva', 'Realizado', 26),
    (27, 'Curacion', 'Limpieza y curacion de herida', 'Realizado', 27),
    (28, 'Limpieza Dental', 'Limpieza dental basica', 'Realizado', 28),
    (29, 'Desparasitacion', 'Aplicacion de tratamiento antiparasitario', 'Realizado', 29),
    (30, 'Revision Dermatologica', 'Revision de piel y pelaje', 'Realizado', 30),
    (31, 'Control de Oido', 'Limpieza y revision de oido', 'Realizado', 31),
    (32, 'Control Preventivo', 'Revision general de control', 'Realizado', 32),
    (33, 'Consulta General', 'Evaluacion fisica completa', 'Realizado', 33),
    (34, 'Vacunacion', 'Aplicacion de vacuna preventiva', 'Realizado', 34),
    (35, 'Curacion', 'Limpieza y curacion de herida', 'Realizado', 35),
    (36, 'Limpieza Dental', 'Limpieza dental basica', 'Realizado', 36),
    (37, 'Desparasitacion', 'Aplicacion de tratamiento antiparasitario', 'Realizado', 37),
    (38, 'Revision Dermatologica', 'Revision de piel y pelaje', 'Realizado', 38),
    (39, 'Control de Oido', 'Limpieza y revision de oido', 'Realizado', 39),
    (40, 'Control Preventivo', 'Revision general de control', 'Realizado', 40),
    (41, 'Consulta General', 'Evaluacion fisica completa', 'Realizado', 41),
    (42, 'Vacunacion', 'Aplicacion de vacuna preventiva', 'Realizado', 42),
    (43, 'Curacion', 'Limpieza y curacion de herida', 'Realizado', 43),
    (44, 'Limpieza Dental', 'Limpieza dental basica', 'Realizado', 44),
    (45, 'Desparasitacion', 'Aplicacion de tratamiento antiparasitario', 'Realizado', 45),
    (46, 'Revision Dermatologica', 'Revision de piel y pelaje', 'Realizado', 46),
    (47, 'Control de Oido', 'Limpieza y revision de oido', 'Realizado', 47),
    (48, 'Control Preventivo', 'Revision general de control', 'Realizado', 48),
    (49, 'Consulta General', 'Evaluacion fisica completa', 'Realizado', 49),
    (50, 'Vacunacion', 'Aplicacion de vacuna preventiva', 'Realizado', 50),
    (51, 'Curacion', 'Limpieza y curacion de herida', 'Realizado', 51),
    (52, 'Limpieza Dental', 'Limpieza dental basica', 'Realizado', 52),
    (53, 'Desparasitacion', 'Aplicacion de tratamiento antiparasitario', 'Realizado', 53),
    (54, 'Revision Dermatologica', 'Revision de piel y pelaje', 'Realizado', 54),
    (55, 'Control de Oido', 'Limpieza y revision de oido', 'Realizado', 55),
    (56, 'Control Preventivo', 'Revision general de control', 'Realizado', 56),
    (57, 'Consulta General', 'Evaluacion fisica completa', 'Realizado', 57),
    (58, 'Vacunacion', 'Aplicacion de vacuna preventiva', 'Realizado', 58),
    (59, 'Curacion', 'Limpieza y curacion de herida', 'Realizado', 59),
    (60, 'Limpieza Dental', 'Limpieza dental basica', 'Realizado', 60),
    (61, 'Desparasitacion', 'Aplicacion de tratamiento antiparasitario', 'Realizado', 61),
    (62, 'Revision Dermatologica', 'Revision de piel y pelaje', 'Realizado', 62),
    (63, 'Control de Oido', 'Limpieza y revision de oido', 'Realizado', 63),
    (64, 'Control Preventivo', 'Revision general de control', 'Realizado', 64),
    (65, 'Consulta General', 'Evaluacion fisica completa', 'Realizado', 65),
    (66, 'Vacunacion', 'Aplicacion de vacuna preventiva', 'Realizado', 66),
    (67, 'Curacion', 'Limpieza y curacion de herida', 'Realizado', 67),
    (68, 'Limpieza Dental', 'Limpieza dental basica', 'Realizado', 68),
    (69, 'Desparasitacion', 'Aplicacion de tratamiento antiparasitario', 'Realizado', 69),
    (70, 'Revision Dermatologica', 'Revision de piel y pelaje', 'Realizado', 70),
    (71, 'Control de Oido', 'Limpieza y revision de oido', 'Realizado', 71),
    (72, 'Control Preventivo', 'Revision general de control', 'Realizado', 72),
    (73, 'Consulta General', 'Evaluacion fisica completa', 'Realizado', 73),
    (74, 'Vacunacion', 'Aplicacion de vacuna preventiva', 'Realizado', 74),
    (75, 'Curacion', 'Limpieza y curacion de herida', 'Realizado', 75),
    (76, 'Limpieza Dental', 'Limpieza dental basica', 'Realizado', 76),
    (77, 'Desparasitacion', 'Aplicacion de tratamiento antiparasitario', 'Realizado', 77),
    (78, 'Revision Dermatologica', 'Revision de piel y pelaje', 'Realizado', 78),
    (79, 'Control de Oido', 'Limpieza y revision de oido', 'Realizado', 79),
    (80, 'Control Preventivo', 'Revision general de control', 'Realizado', 80),
    (81, 'Consulta General', 'Evaluacion fisica completa', 'Realizado', 81),
    (82, 'Vacunacion', 'Aplicacion de vacuna preventiva', 'Realizado', 82),
    (83, 'Curacion', 'Limpieza y curacion de herida', 'Realizado', 83),
    (84, 'Limpieza Dental', 'Limpieza dental basica', 'Realizado', 84),
    (85, 'Desparasitacion', 'Aplicacion de tratamiento antiparasitario', 'Realizado', 85),
    (86, 'Revision Dermatologica', 'Revision de piel y pelaje', 'Realizado', 86),
    (87, 'Control de Oido', 'Limpieza y revision de oido', 'Realizado', 87),
    (88, 'Control Preventivo', 'Revision general de control', 'Realizado', 88),
    (89, 'Consulta General', 'Evaluacion fisica completa', 'Realizado', 89),
    (90, 'Vacunacion', 'Aplicacion de vacuna preventiva', 'Realizado', 90),
    (91, 'Curacion', 'Limpieza y curacion de herida', 'Realizado', 91),
    (92, 'Limpieza Dental', 'Limpieza dental basica', 'Realizado', 92),
    (93, 'Desparasitacion', 'Aplicacion de tratamiento antiparasitario', 'Realizado', 93),
    (94, 'Revision Dermatologica', 'Revision de piel y pelaje', 'Realizado', 94),
    (95, 'Control de Oido', 'Limpieza y revision de oido', 'Realizado', 95),
    (96, 'Control Preventivo', 'Revision general de control', 'Realizado', 96),
    (97, 'Consulta General', 'Evaluacion fisica completa', 'Realizado', 97),
    (98, 'Vacunacion', 'Aplicacion de vacuna preventiva', 'Realizado', 98),
    (99, 'Curacion', 'Limpieza y curacion de herida', 'Realizado', 99),
    (100, 'Limpieza Dental', 'Limpieza dental basica', 'Realizado', 100),
    (101, 'Desparasitacion', 'Aplicacion de tratamiento antiparasitario', 'Realizado', 101),
    (102, 'Revision Dermatologica', 'Revision de piel y pelaje', 'Realizado', 102),
    (103, 'Control de Oido', 'Limpieza y revision de oido', 'Realizado', 103),
    (104, 'Control Preventivo', 'Revision general de control', 'Realizado', 104),
    (105, 'Consulta General', 'Evaluacion fisica completa', 'Realizado', 105),
    (106, 'Vacunacion', 'Aplicacion de vacuna preventiva', 'Realizado', 106),
    (107, 'Curacion', 'Limpieza y curacion de herida', 'Realizado', 107),
    (108, 'Limpieza Dental', 'Limpieza dental basica', 'Realizado', 108),
    (109, 'Desparasitacion', 'Aplicacion de tratamiento antiparasitario', 'Realizado', 109),
    (110, 'Revision Dermatologica', 'Revision de piel y pelaje', 'Realizado', 110),
    (111, 'Control de Oido', 'Limpieza y revision de oido', 'Realizado', 111),
    (112, 'Control Preventivo', 'Revision general de control', 'Realizado', 112),
    (113, 'Consulta General', 'Evaluacion fisica completa', 'Realizado', 113),
    (114, 'Vacunacion', 'Aplicacion de vacuna preventiva', 'Realizado', 114),
    (115, 'Curacion', 'Limpieza y curacion de herida', 'Realizado', 115),
    (116, 'Limpieza Dental', 'Limpieza dental basica', 'Realizado', 116),
    (117, 'Desparasitacion', 'Aplicacion de tratamiento antiparasitario', 'Realizado', 117),
    (118, 'Revision Dermatologica', 'Revision de piel y pelaje', 'Realizado', 118),
    (119, 'Control de Oido', 'Limpieza y revision de oido', 'Realizado', 119),
    (120, 'Control Preventivo', 'Revision general de control', 'Realizado', 120),
    (121, 'Consulta General', 'Evaluacion fisica completa', 'Realizado', 121),
    (122, 'Vacunacion', 'Aplicacion de vacuna preventiva', 'Realizado', 122),
    (123, 'Curacion', 'Limpieza y curacion de herida', 'Realizado', 123),
    (124, 'Limpieza Dental', 'Limpieza dental basica', 'Realizado', 124),
    (125, 'Desparasitacion', 'Aplicacion de tratamiento antiparasitario', 'Realizado', 125),
    (126, 'Revision Dermatologica', 'Revision de piel y pelaje', 'Realizado', 126),
    (127, 'Control de Oido', 'Limpieza y revision de oido', 'Realizado', 127),
    (128, 'Control Preventivo', 'Revision general de control', 'Realizado', 128),
    (129, 'Consulta General', 'Evaluacion fisica completa', 'Realizado', 129),
    (130, 'Vacunacion', 'Aplicacion de vacuna preventiva', 'Realizado', 130),
    (131, 'Curacion', 'Limpieza y curacion de herida', 'Realizado', 131),
    (132, 'Limpieza Dental', 'Limpieza dental basica', 'Realizado', 132),
    (133, 'Desparasitacion', 'Aplicacion de tratamiento antiparasitario', 'Realizado', 133),
    (134, 'Revision Dermatologica', 'Revision de piel y pelaje', 'Realizado', 134),
    (135, 'Control de Oido', 'Limpieza y revision de oido', 'Realizado', 135),
    (136, 'Control Preventivo', 'Revision general de control', 'Realizado', 136),
    (137, 'Consulta General', 'Evaluacion fisica completa', 'Realizado', 137),
    (138, 'Vacunacion', 'Aplicacion de vacuna preventiva', 'Realizado', 138),
    (139, 'Curacion', 'Limpieza y curacion de herida', 'Realizado', 139),
    (140, 'Limpieza Dental', 'Limpieza dental basica', 'Realizado', 140),
    (141, 'Desparasitacion', 'Aplicacion de tratamiento antiparasitario', 'Realizado', 141),
    (142, 'Revision Dermatologica', 'Revision de piel y pelaje', 'Realizado', 142),
    (143, 'Control de Oido', 'Limpieza y revision de oido', 'Realizado', 143),
    (144, 'Control Preventivo', 'Revision general de control', 'Realizado', 144),
    (145, 'Consulta General', 'Evaluacion fisica completa', 'Realizado', 145),
    (146, 'Vacunacion', 'Aplicacion de vacuna preventiva', 'Realizado', 146),
    (147, 'Curacion', 'Limpieza y curacion de herida', 'Realizado', 147),
    (148, 'Limpieza Dental', 'Limpieza dental basica', 'Realizado', 148),
    (149, 'Desparasitacion', 'Aplicacion de tratamiento antiparasitario', 'Realizado', 149),
    (150, 'Revision Dermatologica', 'Revision de piel y pelaje', 'Realizado', 150),
    (151, 'Control de Oido', 'Limpieza y revision de oido', 'Realizado', 151),
    (152, 'Control Preventivo', 'Revision general de control', 'Realizado', 152),
    (153, 'Consulta General', 'Evaluacion fisica completa', 'Realizado', 153),
    (154, 'Vacunacion', 'Aplicacion de vacuna preventiva', 'Realizado', 154),
    (155, 'Curacion', 'Limpieza y curacion de herida', 'Realizado', 155),
    (156, 'Limpieza Dental', 'Limpieza dental basica', 'Realizado', 156),
    (157, 'Desparasitacion', 'Aplicacion de tratamiento antiparasitario', 'Realizado', 157),
    (158, 'Revision Dermatologica', 'Revision de piel y pelaje', 'Realizado', 158),
    (159, 'Control de Oido', 'Limpieza y revision de oido', 'Realizado', 159),
    (160, 'Control Preventivo', 'Revision general de control', 'Realizado', 160),
    (161, 'Consulta General', 'Evaluacion fisica completa', 'Realizado', 161),
    (162, 'Vacunacion', 'Aplicacion de vacuna preventiva', 'Realizado', 162),
    (163, 'Curacion', 'Limpieza y curacion de herida', 'Realizado', 163),
    (164, 'Limpieza Dental', 'Limpieza dental basica', 'Realizado', 164),
    (165, 'Desparasitacion', 'Aplicacion de tratamiento antiparasitario', 'Realizado', 165),
    (166, 'Revision Dermatologica', 'Revision de piel y pelaje', 'Realizado', 166),
    (167, 'Control de Oido', 'Limpieza y revision de oido', 'Realizado', 167),
    (168, 'Control Preventivo', 'Revision general de control', 'Realizado', 168),
    (169, 'Consulta General', 'Evaluacion fisica completa', 'Realizado', 169),
    (170, 'Vacunacion', 'Aplicacion de vacuna preventiva', 'Realizado', 170),
    (171, 'Curacion', 'Limpieza y curacion de herida', 'Realizado', 171),
    (172, 'Limpieza Dental', 'Limpieza dental basica', 'Realizado', 172),
    (173, 'Desparasitacion', 'Aplicacion de tratamiento antiparasitario', 'Realizado', 173),
    (174, 'Revision Dermatologica', 'Revision de piel y pelaje', 'Realizado', 174),
    (175, 'Control de Oido', 'Limpieza y revision de oido', 'Realizado', 175),
    (176, 'Control Preventivo', 'Revision general de control', 'Realizado', 176),
    (177, 'Consulta General', 'Evaluacion fisica completa', 'Realizado', 177),
    (178, 'Vacunacion', 'Aplicacion de vacuna preventiva', 'Realizado', 178),
    (179, 'Curacion', 'Limpieza y curacion de herida', 'Realizado', 179),
    (180, 'Limpieza Dental', 'Limpieza dental basica', 'Realizado', 180),
    (181, 'Desparasitacion', 'Aplicacion de tratamiento antiparasitario', 'Realizado', 181),
    (182, 'Revision Dermatologica', 'Revision de piel y pelaje', 'Realizado', 182),
    (183, 'Control de Oido', 'Limpieza y revision de oido', 'Realizado', 183),
    (184, 'Control Preventivo', 'Revision general de control', 'Realizado', 184),
    (185, 'Consulta General', 'Evaluacion fisica completa', 'Realizado', 185),
    (186, 'Vacunacion', 'Aplicacion de vacuna preventiva', 'Realizado', 186),
    (187, 'Curacion', 'Limpieza y curacion de herida', 'Realizado', 187),
    (188, 'Limpieza Dental', 'Limpieza dental basica', 'Realizado', 188),
    (189, 'Desparasitacion', 'Aplicacion de tratamiento antiparasitario', 'Realizado', 189),
    (190, 'Revision Dermatologica', 'Revision de piel y pelaje', 'Realizado', 190);

INSERT INTO tratamiento_medicamento (id_tratamiento_medicamento, dosis_indicada, frecuencia_administracion, via_administracion, duracion_dias, id_tratamiento, id_medicamento) VALUES
    (1, '5 ml', 'Cada 12 horas', 'Oral', 6, 1, 4),
    (2, '1 tableta', 'Cada 24 horas', 'Oral', 7, 2, 7),
    (3, '5 ml', 'Cada 12 horas', 'Oral', 8, 3, 10),
    (4, '1 tableta', 'Cada 24 horas', 'Oral', 9, 4, 13),
    (5, '5 ml', 'Cada 12 horas', 'Oral', 5, 5, 16),
    (6, '1 tableta', 'Cada 24 horas', 'Oral', 6, 6, 19),
    (7, '5 ml', 'Cada 12 horas', 'Oral', 7, 7, 22),
    (8, '1 tableta', 'Cada 24 horas', 'Oral', 8, 8, 25),
    (9, '5 ml', 'Cada 12 horas', 'Oral', 9, 9, 28),
    (10, '5 ml', 'Cada 12 horas', 'Oral', 9, 9, 64),
    (11, '1 tableta', 'Cada 24 horas', 'Oral', 5, 10, 31),
    (12, '5 ml', 'Cada 12 horas', 'Oral', 6, 11, 34),
    (13, '1 tableta', 'Cada 24 horas', 'Oral', 7, 12, 37),
    (14, '5 ml', 'Cada 12 horas', 'Oral', 8, 13, 40),
    (15, '1 tableta', 'Cada 24 horas', 'Oral', 9, 14, 43),
    (16, '5 ml', 'Cada 12 horas', 'Oral', 5, 15, 46),
    (17, '1 tableta', 'Cada 24 horas', 'Oral', 6, 16, 49),
    (18, '5 ml', 'Cada 12 horas', 'Oral', 7, 17, 52),
    (19, '1 tableta', 'Cada 24 horas', 'Oral', 8, 18, 55),
    (20, '1 tableta', 'Cada 24 horas', 'Oral', 8, 18, 127),
    (21, '5 ml', 'Cada 12 horas', 'Oral', 9, 19, 58),
    (22, '1 tableta', 'Cada 24 horas', 'Oral', 5, 20, 11),
    (23, '1 tableta', 'Cada 24 horas', 'Oral', 5, 20, 61),
    (24, '5 ml', 'Cada 12 horas', 'Oral', 6, 21, 64),
    (25, '1 tableta', 'Cada 24 horas', 'Oral', 7, 22, 67),
    (26, '5 ml', 'Cada 12 horas', 'Oral', 8, 23, 70),
    (27, '1 tableta', 'Cada 24 horas', 'Oral', 9, 24, 73),
    (28, '5 ml', 'Cada 12 horas', 'Oral', 5, 25, 76),
    (29, '1 tableta', 'Cada 24 horas', 'Oral', 6, 26, 79),
    (30, '5 ml', 'Cada 12 horas', 'Oral', 7, 27, 60),
    (31, '5 ml', 'Cada 12 horas', 'Oral', 7, 27, 82),
    (32, '1 tableta', 'Cada 24 horas', 'Oral', 8, 28, 85),
    (33, '5 ml', 'Cada 12 horas', 'Oral', 9, 29, 88),
    (34, '1 tableta', 'Cada 24 horas', 'Oral', 5, 30, 91),
    (35, '5 ml', 'Cada 12 horas', 'Oral', 6, 31, 94),
    (36, '1 tableta', 'Cada 24 horas', 'Oral', 7, 32, 97),
    (37, '5 ml', 'Cada 12 horas', 'Oral', 8, 33, 100),
    (38, '1 tableta', 'Cada 24 horas', 'Oral', 9, 34, 103),
    (39, '5 ml', 'Cada 12 horas', 'Oral', 5, 35, 106),
    (40, '1 tableta', 'Cada 24 horas', 'Oral', 6, 36, 109),
    (41, '1 tableta', 'Cada 24 horas', 'Oral', 6, 36, 123),
    (42, '5 ml', 'Cada 12 horas', 'Oral', 7, 37, 112),
    (43, '1 tableta', 'Cada 24 horas', 'Oral', 8, 38, 115),
    (44, '5 ml', 'Cada 12 horas', 'Oral', 9, 39, 118),
    (45, '1 tableta', 'Cada 24 horas', 'Oral', 5, 40, 21),
    (46, '1 tableta', 'Cada 24 horas', 'Oral', 5, 40, 121),
    (47, '5 ml', 'Cada 12 horas', 'Oral', 6, 41, 124),
    (48, '1 tableta', 'Cada 24 horas', 'Oral', 7, 42, 127),
    (49, '5 ml', 'Cada 12 horas', 'Oral', 8, 43, 130),
    (50, '1 tableta', 'Cada 24 horas', 'Oral', 9, 44, 3),
    (51, '5 ml', 'Cada 12 horas', 'Oral', 5, 45, 6),
    (52, '5 ml', 'Cada 12 horas', 'Oral', 5, 45, 56),
    (53, '1 tableta', 'Cada 24 horas', 'Oral', 6, 46, 9),
    (54, '5 ml', 'Cada 12 horas', 'Oral', 7, 47, 12),
    (55, '1 tableta', 'Cada 24 horas', 'Oral', 8, 48, 15),
    (56, '5 ml', 'Cada 12 horas', 'Oral', 9, 49, 18),
    (57, '1 tableta', 'Cada 24 horas', 'Oral', 5, 50, 21),
    (58, '5 ml', 'Cada 12 horas', 'Oral', 6, 51, 24),
    (59, '1 tableta', 'Cada 24 horas', 'Oral', 7, 52, 27),
    (60, '5 ml', 'Cada 12 horas', 'Oral', 8, 53, 30),
    (61, '1 tableta', 'Cada 24 horas', 'Oral', 9, 54, 33),
    (62, '1 tableta', 'Cada 24 horas', 'Oral', 9, 54, 119),
    (63, '5 ml', 'Cada 12 horas', 'Oral', 5, 55, 36),
    (64, '1 tableta', 'Cada 24 horas', 'Oral', 6, 56, 39),
    (65, '5 ml', 'Cada 12 horas', 'Oral', 7, 57, 42),
    (66, '1 tableta', 'Cada 24 horas', 'Oral', 8, 58, 45),
    (67, '5 ml', 'Cada 12 horas', 'Oral', 9, 59, 48),
    (68, '1 tableta', 'Cada 24 horas', 'Oral', 5, 60, 31),
    (69, '1 tableta', 'Cada 24 horas', 'Oral', 5, 60, 51),
    (70, '5 ml', 'Cada 12 horas', 'Oral', 6, 61, 54),
    (71, '1 tableta', 'Cada 24 horas', 'Oral', 7, 62, 57),
    (72, '5 ml', 'Cada 12 horas', 'Oral', 8, 63, 52),
    (73, '5 ml', 'Cada 12 horas', 'Oral', 8, 63, 60),
    (74, '1 tableta', 'Cada 24 horas', 'Oral', 9, 64, 63),
    (75, '5 ml', 'Cada 12 horas', 'Oral', 5, 65, 66),
    (76, '1 tableta', 'Cada 24 horas', 'Oral', 6, 66, 69),
    (77, '5 ml', 'Cada 12 horas', 'Oral', 7, 67, 72),
    (78, '1 tableta', 'Cada 24 horas', 'Oral', 8, 68, 75),
    (79, '5 ml', 'Cada 12 horas', 'Oral', 9, 69, 78),
    (80, '1 tableta', 'Cada 24 horas', 'Oral', 5, 70, 81),
    (81, '5 ml', 'Cada 12 horas', 'Oral', 6, 71, 84),
    (82, '1 tableta', 'Cada 24 horas', 'Oral', 7, 72, 87),
    (83, '1 tableta', 'Cada 24 horas', 'Oral', 7, 72, 115),
    (84, '5 ml', 'Cada 12 horas', 'Oral', 8, 73, 90),
    (85, '1 tableta', 'Cada 24 horas', 'Oral', 9, 74, 93),
    (86, '5 ml', 'Cada 12 horas', 'Oral', 5, 75, 96),
    (87, '1 tableta', 'Cada 24 horas', 'Oral', 6, 76, 99),
    (88, '5 ml', 'Cada 12 horas', 'Oral', 7, 77, 102),
    (89, '1 tableta', 'Cada 24 horas', 'Oral', 8, 78, 105),
    (90, '5 ml', 'Cada 12 horas', 'Oral', 9, 79, 108),
    (91, '1 tableta', 'Cada 24 horas', 'Oral', 5, 80, 41),
    (92, '1 tableta', 'Cada 24 horas', 'Oral', 5, 80, 111),
    (93, '5 ml', 'Cada 12 horas', 'Oral', 6, 81, 48),
    (94, '5 ml', 'Cada 12 horas', 'Oral', 6, 81, 114),
    (95, '1 tableta', 'Cada 24 horas', 'Oral', 7, 82, 117),
    (96, '5 ml', 'Cada 12 horas', 'Oral', 8, 83, 120),
    (97, '1 tableta', 'Cada 24 horas', 'Oral', 9, 84, 123),
    (98, '5 ml', 'Cada 12 horas', 'Oral', 5, 85, 126),
    (99, '1 tableta', 'Cada 24 horas', 'Oral', 6, 86, 129),
    (100, '5 ml', 'Cada 12 horas', 'Oral', 7, 87, 2),
    (101, '1 tableta', 'Cada 24 horas', 'Oral', 8, 88, 5),
    (102, '5 ml', 'Cada 12 horas', 'Oral', 9, 89, 8),
    (103, '1 tableta', 'Cada 24 horas', 'Oral', 5, 90, 11),
    (104, '1 tableta', 'Cada 24 horas', 'Oral', 5, 90, 111),
    (105, '5 ml', 'Cada 12 horas', 'Oral', 6, 91, 14),
    (106, '1 tableta', 'Cada 24 horas', 'Oral', 7, 92, 17),
    (107, '5 ml', 'Cada 12 horas', 'Oral', 8, 93, 20),
    (108, '1 tableta', 'Cada 24 horas', 'Oral', 9, 94, 23),
    (109, '5 ml', 'Cada 12 horas', 'Oral', 5, 95, 26),
    (110, '1 tableta', 'Cada 24 horas', 'Oral', 6, 96, 29),
    (111, '5 ml', 'Cada 12 horas', 'Oral', 7, 97, 32),
    (112, '1 tableta', 'Cada 24 horas', 'Oral', 8, 98, 35),
    (113, '5 ml', 'Cada 12 horas', 'Oral', 9, 99, 38),
    (114, '5 ml', 'Cada 12 horas', 'Oral', 9, 99, 44),
    (115, '1 tableta', 'Cada 24 horas', 'Oral', 5, 100, 41),
    (116, '1 tableta', 'Cada 24 horas', 'Oral', 5, 100, 51),
    (117, '5 ml', 'Cada 12 horas', 'Oral', 6, 101, 44),
    (118, '1 tableta', 'Cada 24 horas', 'Oral', 7, 102, 47),
    (119, '5 ml', 'Cada 12 horas', 'Oral', 8, 103, 50),
    (120, '1 tableta', 'Cada 24 horas', 'Oral', 9, 104, 53),
    (121, '5 ml', 'Cada 12 horas', 'Oral', 5, 105, 56),
    (122, '1 tableta', 'Cada 24 horas', 'Oral', 6, 106, 59),
    (123, '5 ml', 'Cada 12 horas', 'Oral', 7, 107, 62),
    (124, '1 tableta', 'Cada 24 horas', 'Oral', 8, 108, 65),
    (125, '1 tableta', 'Cada 24 horas', 'Oral', 8, 108, 107),
    (126, '5 ml', 'Cada 12 horas', 'Oral', 9, 109, 68),
    (127, '1 tableta', 'Cada 24 horas', 'Oral', 5, 110, 71),
    (128, '5 ml', 'Cada 12 horas', 'Oral', 6, 111, 74),
    (129, '1 tableta', 'Cada 24 horas', 'Oral', 7, 112, 77),
    (130, '5 ml', 'Cada 12 horas', 'Oral', 8, 113, 80),
    (131, '1 tableta', 'Cada 24 horas', 'Oral', 9, 114, 83),
    (132, '5 ml', 'Cada 12 horas', 'Oral', 5, 115, 86),
    (133, '1 tableta', 'Cada 24 horas', 'Oral', 6, 116, 89),
    (134, '5 ml', 'Cada 12 horas', 'Oral', 7, 117, 40),
    (135, '5 ml', 'Cada 12 horas', 'Oral', 7, 117, 92),
    (136, '1 tableta', 'Cada 24 horas', 'Oral', 8, 118, 95),
    (137, '5 ml', 'Cada 12 horas', 'Oral', 9, 119, 98),
    (138, '1 tableta', 'Cada 24 horas', 'Oral', 5, 120, 61),
    (139, '1 tableta', 'Cada 24 horas', 'Oral', 5, 120, 101),
    (140, '5 ml', 'Cada 12 horas', 'Oral', 6, 121, 104),
    (141, '1 tableta', 'Cada 24 horas', 'Oral', 7, 122, 107),
    (142, '5 ml', 'Cada 12 horas', 'Oral', 8, 123, 110),
    (143, '1 tableta', 'Cada 24 horas', 'Oral', 9, 124, 113),
    (144, '5 ml', 'Cada 12 horas', 'Oral', 5, 125, 116),
    (145, '1 tableta', 'Cada 24 horas', 'Oral', 6, 126, 103),
    (146, '1 tableta', 'Cada 24 horas', 'Oral', 6, 126, 119),
    (147, '5 ml', 'Cada 12 horas', 'Oral', 7, 127, 122),
    (148, '1 tableta', 'Cada 24 horas', 'Oral', 8, 128, 125),
    (149, '5 ml', 'Cada 12 horas', 'Oral', 9, 129, 128),
    (150, '1 tableta', 'Cada 24 horas', 'Oral', 5, 130, 1),
    (151, '5 ml', 'Cada 12 horas', 'Oral', 6, 131, 4),
    (152, '1 tableta', 'Cada 24 horas', 'Oral', 7, 132, 7),
    (153, '5 ml', 'Cada 12 horas', 'Oral', 8, 133, 10),
    (154, '1 tableta', 'Cada 24 horas', 'Oral', 9, 134, 13),
    (155, '5 ml', 'Cada 12 horas', 'Oral', 5, 135, 16),
    (156, '5 ml', 'Cada 12 horas', 'Oral', 5, 135, 36),
    (157, '1 tableta', 'Cada 24 horas', 'Oral', 6, 136, 19),
    (158, '5 ml', 'Cada 12 horas', 'Oral', 7, 137, 22),
    (159, '1 tableta', 'Cada 24 horas', 'Oral', 8, 138, 25),
    (160, '5 ml', 'Cada 12 horas', 'Oral', 9, 139, 28),
    (161, '1 tableta', 'Cada 24 horas', 'Oral', 5, 140, 31),
    (162, '1 tableta', 'Cada 24 horas', 'Oral', 5, 140, 71),
    (163, '5 ml', 'Cada 12 horas', 'Oral', 6, 141, 34),
    (164, '1 tableta', 'Cada 24 horas', 'Oral', 7, 142, 37),
    (165, '5 ml', 'Cada 12 horas', 'Oral', 8, 143, 40),
    (166, '1 tableta', 'Cada 24 horas', 'Oral', 9, 144, 43),
    (167, '1 tableta', 'Cada 24 horas', 'Oral', 9, 144, 99),
    (168, '5 ml', 'Cada 12 horas', 'Oral', 5, 145, 46),
    (169, '1 tableta', 'Cada 24 horas', 'Oral', 6, 146, 49),
    (170, '5 ml', 'Cada 12 horas', 'Oral', 7, 147, 52),
    (171, '1 tableta', 'Cada 24 horas', 'Oral', 8, 148, 55),
    (172, '5 ml', 'Cada 12 horas', 'Oral', 9, 149, 58),
    (173, '1 tableta', 'Cada 24 horas', 'Oral', 5, 150, 61),
    (174, '5 ml', 'Cada 12 horas', 'Oral', 6, 151, 64),
    (175, '1 tableta', 'Cada 24 horas', 'Oral', 7, 152, 67),
    (176, '5 ml', 'Cada 12 horas', 'Oral', 8, 153, 32),
    (177, '5 ml', 'Cada 12 horas', 'Oral', 8, 153, 70),
    (178, '1 tableta', 'Cada 24 horas', 'Oral', 9, 154, 73),
    (179, '5 ml', 'Cada 12 horas', 'Oral', 5, 155, 76),
    (180, '1 tableta', 'Cada 24 horas', 'Oral', 6, 156, 79),
    (181, '5 ml', 'Cada 12 horas', 'Oral', 7, 157, 82),
    (182, '1 tableta', 'Cada 24 horas', 'Oral', 8, 158, 85),
    (183, '5 ml', 'Cada 12 horas', 'Oral', 9, 159, 88),
    (184, '1 tableta', 'Cada 24 horas', 'Oral', 5, 160, 81),
    (185, '1 tableta', 'Cada 24 horas', 'Oral', 5, 160, 91),
    (186, '5 ml', 'Cada 12 horas', 'Oral', 6, 161, 94),
    (187, '1 tableta', 'Cada 24 horas', 'Oral', 7, 162, 95),
    (188, '1 tableta', 'Cada 24 horas', 'Oral', 7, 162, 97),
    (189, '5 ml', 'Cada 12 horas', 'Oral', 8, 163, 100),
    (190, '1 tableta', 'Cada 24 horas', 'Oral', 9, 164, 103),
    (191, '5 ml', 'Cada 12 horas', 'Oral', 5, 165, 106),
    (192, '1 tableta', 'Cada 24 horas', 'Oral', 6, 166, 109),
    (193, '5 ml', 'Cada 12 horas', 'Oral', 7, 167, 112),
    (194, '1 tableta', 'Cada 24 horas', 'Oral', 8, 168, 115),
    (195, '5 ml', 'Cada 12 horas', 'Oral', 9, 169, 118),
    (196, '1 tableta', 'Cada 24 horas', 'Oral', 5, 170, 121),
    (197, '5 ml', 'Cada 12 horas', 'Oral', 6, 171, 28),
    (198, '5 ml', 'Cada 12 horas', 'Oral', 6, 171, 124),
    (199, '1 tableta', 'Cada 24 horas', 'Oral', 7, 172, 127),
    (200, '5 ml', 'Cada 12 horas', 'Oral', 8, 173, 130),
    (201, '1 tableta', 'Cada 24 horas', 'Oral', 9, 174, 3),
    (202, '5 ml', 'Cada 12 horas', 'Oral', 5, 175, 6),
    (203, '1 tableta', 'Cada 24 horas', 'Oral', 6, 176, 9),
    (204, '5 ml', 'Cada 12 horas', 'Oral', 7, 177, 12),
    (205, '1 tableta', 'Cada 24 horas', 'Oral', 8, 178, 15),
    (206, '5 ml', 'Cada 12 horas', 'Oral', 9, 179, 18),
    (207, '1 tableta', 'Cada 24 horas', 'Oral', 5, 180, 21),
    (208, '1 tableta', 'Cada 24 horas', 'Oral', 5, 180, 91),
    (209, '5 ml', 'Cada 12 horas', 'Oral', 6, 181, 24),
    (210, '1 tableta', 'Cada 24 horas', 'Oral', 7, 182, 27),
    (211, '5 ml', 'Cada 12 horas', 'Oral', 8, 183, 30),
    (212, '1 tableta', 'Cada 24 horas', 'Oral', 9, 184, 33),
    (213, '5 ml', 'Cada 12 horas', 'Oral', 5, 185, 36),
    (214, '1 tableta', 'Cada 24 horas', 'Oral', 6, 186, 39),
    (215, '5 ml', 'Cada 12 horas', 'Oral', 7, 187, 42),
    (216, '1 tableta', 'Cada 24 horas', 'Oral', 8, 188, 45),
    (217, '5 ml', 'Cada 12 horas', 'Oral', 9, 189, 24),
    (218, '5 ml', 'Cada 12 horas', 'Oral', 9, 189, 48),
    (219, '1 tableta', 'Cada 24 horas', 'Oral', 5, 190, 51);

INSERT INTO mascota_alergia (id_mascota_alergia, descripcion_alergia, id_mascota, id_medicamento) VALUES
    (1, 'Dermatitis por reacción a medicamento', 1, 1),
    (2, 'Alergia alimentaria asociada a tratamiento', 4, 3),
    (3, 'Reacción alérgica leve registrada', 7, 5),
    (4, 'Alergia cutánea por medicamento', 10, 8),
    (5, 'Prurito posterior a medicación', 13, 11),
    (6, 'Reacción alérgica a antibiótico', 16, 14),
    (7, 'Irritación por medicamento tópico', 19, 17),
    (8, 'Alergia registrada en historial clínico', 22, 20),
    (9, 'Reacción alérgica moderada', 25, 23),
    (10, 'Dermatitis asociada a medicamento', 28, 26),
    (11, 'Alergia por medicamento administrado', 31, 29),
    (12, 'Reacción cutánea por tratamiento', 34, 32),
    (13, 'Alergia detectada en consulta previa', 37, 35),
    (14, 'Irritación posterior a medicación', 40, 38),
    (15, 'Reacción alérgica documentada', 43, 41),
    (16, 'Alergia a componente del medicamento', 46, 44),
    (17, 'Reacción leve a medicamento indicado', 49, 47),
    (18, 'Antecedente de alergia medicamentosa', 52, 50),
    (19, 'Alergia con manifestación cutánea', 55, 53),
    (20, 'Reacción alérgica controlada', 58, 56),
    (21, 'Alergia por medicamento oral', 61, 59),
    (22, 'Prurito asociado a medicación', 64, 62),
    (23, 'Reacción alérgica a tratamiento previo', 67, 65),
    (24, 'Alergia registrada por veterinario', 70, 68),
    (25, 'Dermatitis por sensibilidad medicamentosa', 73, 71),
    (26, 'Alergia previa a medicamento', 76, 74),
    (27, 'Reacción alérgica a componente activo', 79, 77),
    (28, 'Alergia medicamentosa leve', 82, 80),
    (29, 'Antecedente de reacción alérgica', 85, 83),
    (30, 'Alergia relevante para validación de trigger', 88, 86);

INSERT INTO factura (id_factura, numero_factura, fecha_emision, metodo_pago, estado_factura, total_factura, id_cita) VALUES
    (1, 'FAC-0001', '2025-07-09', 'Tarjeta', 'Pagada', 40.00, 1),
    (2, 'FAC-0002', '2025-07-14', 'Transferencia', 'Pagada', 45.00, 2),
    (3, 'FAC-0003', '2025-07-19', 'Efectivo', 'Pagada', 50.00, 3),
    (4, 'FAC-0004', '2025-07-24', 'Tarjeta', 'Pagada', 55.00, 4),
    (5, 'FAC-0005', '2025-08-09', 'Transferencia', 'Pagada', 35.00, 5),
    (6, 'FAC-0006', '2025-08-14', 'Efectivo', 'Pagada', 40.00, 6),
    (7, 'FAC-0007', '2025-08-19', 'Tarjeta', 'Pagada', 45.00, 7),
    (8, 'FAC-0008', '2025-08-24', 'Transferencia', 'Pagada', 50.00, 8),
    (9, 'FAC-0009', '2025-09-09', 'Efectivo', 'Pagada', 55.00, 9),
    (10, 'FAC-0010', '2025-09-14', 'Tarjeta', 'Pagada', 35.00, 10),
    (11, 'FAC-0011', '2025-09-19', 'Transferencia', 'Pagada', 40.00, 11),
    (12, 'FAC-0012', '2025-09-24', 'Efectivo', 'Pagada', 45.00, 12),
    (13, 'FAC-0013', '2025-10-09', 'Tarjeta', 'Pagada', 50.00, 13),
    (14, 'FAC-0014', '2025-10-14', 'Transferencia', 'Pagada', 55.00, 14),
    (15, 'FAC-0015', '2025-10-19', 'Efectivo', 'Pagada', 35.00, 15),
    (16, 'FAC-0016', '2025-10-24', 'Tarjeta', 'Pagada', 40.00, 16),
    (17, 'FAC-0017', '2025-11-09', 'Transferencia', 'Pagada', 45.00, 17),
    (18, 'FAC-0018', '2025-11-14', 'Efectivo', 'Pagada', 50.00, 18),
    (19, 'FAC-0019', '2025-11-19', 'Tarjeta', 'Pagada', 55.00, 19),
    (20, 'FAC-0020', '2025-11-24', 'Transferencia', 'Pagada', 35.00, 20),
    (21, 'FAC-0021', '2026-03-09', 'Efectivo', 'Pagada', 40.00, 21),
    (22, 'FAC-0022', '2026-03-14', 'Tarjeta', 'Pagada', 45.00, 22),
    (23, 'FAC-0023', '2026-03-19', 'Transferencia', 'Pagada', 50.00, 23),
    (24, 'FAC-0024', '2026-04-09', 'Efectivo', 'Pagada', 55.00, 24),
    (25, 'FAC-0025', '2026-04-14', 'Tarjeta', 'Pagada', 35.00, 25),
    (26, 'FAC-0026', '2026-04-19', 'Transferencia', 'Pagada', 40.00, 26),
    (27, 'FAC-0027', '2026-05-09', 'Efectivo', 'Pagada', 45.00, 27),
    (28, 'FAC-0028', '2026-05-14', 'Tarjeta', 'Pagada', 50.00, 28),
    (29, 'FAC-0029', '2026-05-19', 'Transferencia', 'Pagada', 55.00, 29),
    (30, 'FAC-0030', '2026-06-09', 'Efectivo', 'Pagada', 35.00, 30),
    (31, 'FAC-0031', '2026-06-18', 'Tarjeta', 'Pagada', 40.00, 32),
    (32, 'FAC-0032', '2025-07-09', 'Transferencia', 'Pagada', 45.00, 33),
    (33, 'FAC-0033', '2025-07-14', 'Efectivo', 'Pagada', 50.00, 34),
    (34, 'FAC-0034', '2025-07-19', 'Tarjeta', 'Pagada', 55.00, 35),
    (35, 'FAC-0035', '2025-08-09', 'Transferencia', 'Pagada', 35.00, 36),
    (36, 'FAC-0036', '2025-08-14', 'Efectivo', 'Pagada', 40.00, 37),
    (37, 'FAC-0037', '2025-08-19', 'Tarjeta', 'Pagada', 45.00, 38),
    (38, 'FAC-0038', '2025-09-09', 'Transferencia', 'Pagada', 50.00, 39),
    (39, 'FAC-0039', '2025-09-14', 'Efectivo', 'Pagada', 55.00, 40),
    (40, 'FAC-0040', '2025-09-19', 'Tarjeta', 'Pagada', 35.00, 41),
    (41, 'FAC-0041', '2025-10-09', 'Transferencia', 'Pagada', 40.00, 42),
    (42, 'FAC-0042', '2025-10-14', 'Efectivo', 'Pagada', 45.00, 43),
    (43, 'FAC-0043', '2025-10-19', 'Tarjeta', 'Pagada', 50.00, 44),
    (44, 'FAC-0044', '2025-11-09', 'Transferencia', 'Pagada', 55.00, 45),
    (45, 'FAC-0045', '2025-11-14', 'Efectivo', 'Pagada', 35.00, 46),
    (46, 'FAC-0046', '2025-11-19', 'Tarjeta', 'Pagada', 40.00, 47),
    (47, 'FAC-0047', '2025-12-09', 'Transferencia', 'Pagada', 45.00, 48),
    (48, 'FAC-0048', '2025-12-14', 'Efectivo', 'Pagada', 50.00, 49),
    (49, 'FAC-0049', '2025-12-19', 'Tarjeta', 'Pagada', 55.00, 50),
    (50, 'FAC-0050', '2025-09-10', 'Transferencia', 'Pagada', 35.00, 51),
    (51, 'FAC-0051', '2025-10-13', 'Efectivo', 'Pagada', 40.00, 52),
    (52, 'FAC-0052', '2025-11-16', 'Tarjeta', 'Pagada', 45.00, 53),
    (53, 'FAC-0053', '2026-01-22', 'Transferencia', 'Pagada', 50.00, 55),
    (54, 'FAC-0054', '2026-02-01', 'Efectivo', 'Pagada', 55.00, 56),
    (55, 'FAC-0055', '2026-03-04', 'Tarjeta', 'Pagada', 35.00, 57),
    (56, 'FAC-0056', '2026-04-07', 'Transferencia', 'Pagada', 40.00, 58),
    (57, 'FAC-0057', '2026-05-10', 'Efectivo', 'Pagada', 45.00, 59),
    (58, 'FAC-0058', '2026-06-13', 'Tarjeta', 'Pagada', 50.00, 60),
    (59, 'FAC-0059', '2025-07-16', 'Transferencia', 'Pagada', 55.00, 61),
    (60, 'FAC-0060', '2025-08-19', 'Efectivo', 'Pagada', 35.00, 62),
    (61, 'FAC-0061', '2025-09-22', 'Tarjeta', 'Pagada', 40.00, 63),
    (62, 'FAC-0062', '2025-10-01', 'Transferencia', 'Pagada', 45.00, 64),
    (63, 'FAC-0063', '2025-11-04', 'Efectivo', 'Pagada', 50.00, 65),
    (64, 'FAC-0064', '2025-12-07', 'Tarjeta', 'Pagada', 55.00, 66),
    (65, 'FAC-0065', '2026-01-10', 'Transferencia', 'Pagada', 35.00, 67),
    (66, 'FAC-0066', '2026-02-13', 'Efectivo', 'Pagada', 40.00, 68),
    (67, 'FAC-0067', '2026-03-16', 'Tarjeta', 'Pagada', 45.00, 69),
    (68, 'FAC-0068', '2026-04-19', 'Transferencia', 'Pagada', 50.00, 70),
    (69, 'FAC-0069', '2026-05-22', 'Efectivo', 'Pagada', 55.00, 71),
    (70, 'FAC-0070', '2026-06-01', 'Tarjeta', 'Pagada', 35.00, 72),
    (71, 'FAC-0071', '2025-07-04', 'Transferencia', 'Pagada', 40.00, 73),
    (72, 'FAC-0072', '2025-08-07', 'Efectivo', 'Pagada', 45.00, 74),
    (73, 'FAC-0073', '2025-09-10', 'Tarjeta', 'Pagada', 50.00, 75),
    (74, 'FAC-0074', '2025-10-13', 'Transferencia', 'Pagada', 55.00, 76),
    (75, 'FAC-0075', '2025-12-19', 'Efectivo', 'Pagada', 35.00, 78),
    (76, 'FAC-0076', '2026-01-22', 'Tarjeta', 'Pagada', 40.00, 79),
    (77, 'FAC-0077', '2026-02-01', 'Transferencia', 'Pagada', 45.00, 80),
    (78, 'FAC-0078', '2026-03-04', 'Efectivo', 'Pagada', 50.00, 81),
    (79, 'FAC-0079', '2026-04-07', 'Tarjeta', 'Pagada', 55.00, 82),
    (80, 'FAC-0080', '2026-05-10', 'Transferencia', 'Pagada', 35.00, 83),
    (81, 'FAC-0081', '2026-06-13', 'Efectivo', 'Pagada', 40.00, 84),
    (82, 'FAC-0082', '2025-07-16', 'Tarjeta', 'Pagada', 45.00, 85),
    (83, 'FAC-0083', '2025-08-19', 'Transferencia', 'Pagada', 50.00, 86),
    (84, 'FAC-0084', '2025-09-22', 'Efectivo', 'Pagada', 55.00, 87),
    (85, 'FAC-0085', '2025-10-01', 'Tarjeta', 'Pagada', 35.00, 88),
    (86, 'FAC-0086', '2025-11-04', 'Transferencia', 'Pagada', 40.00, 89),
    (87, 'FAC-0087', '2025-12-07', 'Efectivo', 'Pagada', 45.00, 90),
    (88, 'FAC-0088', '2026-01-10', 'Tarjeta', 'Pagada', 50.00, 91),
    (89, 'FAC-0089', '2026-02-13', 'Transferencia', 'Pagada', 55.00, 92),
    (90, 'FAC-0090', '2026-03-16', 'Efectivo', 'Pagada', 35.00, 93),
    (91, 'FAC-0091', '2026-04-19', 'Tarjeta', 'Pagada', 40.00, 94),
    (92, 'FAC-0092', '2026-05-22', 'Transferencia', 'Pagada', 45.00, 95),
    (93, 'FAC-0093', '2026-06-01', 'Efectivo', 'Pagada', 50.00, 96),
    (94, 'FAC-0094', '2025-07-04', 'Tarjeta', 'Pagada', 55.00, 97),
    (95, 'FAC-0095', '2025-08-07', 'Transferencia', 'Pagada', 35.00, 98),
    (96, 'FAC-0096', '2025-09-10', 'Efectivo', 'Pagada', 40.00, 99),
    (97, 'FAC-0097', '2025-11-16', 'Tarjeta', 'Pagada', 45.00, 101),
    (98, 'FAC-0098', '2025-12-19', 'Transferencia', 'Pagada', 50.00, 102),
    (99, 'FAC-0099', '2026-01-22', 'Efectivo', 'Pagada', 55.00, 103),
    (100, 'FAC-0100', '2026-02-01', 'Tarjeta', 'Pagada', 35.00, 104),
    (101, 'FAC-0101', '2026-03-04', 'Transferencia', 'Pagada', 40.00, 105),
    (102, 'FAC-0102', '2026-04-07', 'Efectivo', 'Pagada', 45.00, 106),
    (103, 'FAC-0103', '2026-05-10', 'Tarjeta', 'Pagada', 50.00, 107),
    (104, 'FAC-0104', '2026-06-13', 'Transferencia', 'Pagada', 55.00, 108),
    (105, 'FAC-0105', '2025-07-16', 'Efectivo', 'Pagada', 35.00, 109),
    (106, 'FAC-0106', '2025-08-19', 'Tarjeta', 'Pagada', 40.00, 110),
    (107, 'FAC-0107', '2025-09-22', 'Transferencia', 'Pagada', 45.00, 111),
    (108, 'FAC-0108', '2025-10-01', 'Efectivo', 'Pagada', 50.00, 112),
    (109, 'FAC-0109', '2025-11-04', 'Tarjeta', 'Pagada', 55.00, 113),
    (110, 'FAC-0110', '2025-12-07', 'Transferencia', 'Pagada', 35.00, 114),
    (111, 'FAC-0111', '2026-01-10', 'Efectivo', 'Pagada', 40.00, 115),
    (112, 'FAC-0112', '2026-02-13', 'Tarjeta', 'Pagada', 45.00, 116),
    (113, 'FAC-0113', '2026-03-16', 'Transferencia', 'Pagada', 50.00, 117),
    (114, 'FAC-0114', '2026-04-19', 'Efectivo', 'Pagada', 55.00, 118),
    (115, 'FAC-0115', '2026-05-22', 'Tarjeta', 'Pagada', 35.00, 119),
    (116, 'FAC-0116', '2026-06-01', 'Transferencia', 'Pagada', 40.00, 120),
    (117, 'FAC-0117', '2025-07-04', 'Efectivo', 'Pagada', 45.00, 121),
    (118, 'FAC-0118', '2025-08-07', 'Tarjeta', 'Pagada', 50.00, 122),
    (119, 'FAC-0119', '2025-10-13', 'Transferencia', 'Pagada', 55.00, 124),
    (120, 'FAC-0120', '2025-11-16', 'Efectivo', 'Pagada', 35.00, 125),
    (121, 'FAC-0121', '2025-12-19', 'Tarjeta', 'Pagada', 40.00, 126),
    (122, 'FAC-0122', '2026-01-22', 'Transferencia', 'Pagada', 45.00, 127),
    (123, 'FAC-0123', '2026-02-01', 'Efectivo', 'Pagada', 50.00, 128),
    (124, 'FAC-0124', '2026-03-04', 'Tarjeta', 'Pagada', 55.00, 129),
    (125, 'FAC-0125', '2026-04-07', 'Transferencia', 'Pagada', 35.00, 130),
    (126, 'FAC-0126', '2026-05-10', 'Efectivo', 'Pagada', 40.00, 131),
    (127, 'FAC-0127', '2026-06-13', 'Tarjeta', 'Pagada', 45.00, 132),
    (128, 'FAC-0128', '2025-07-16', 'Transferencia', 'Pagada', 50.00, 133),
    (129, 'FAC-0129', '2025-08-19', 'Efectivo', 'Pagada', 55.00, 134),
    (130, 'FAC-0130', '2025-09-22', 'Tarjeta', 'Pagada', 35.00, 135),
    (131, 'FAC-0131', '2025-10-01', 'Transferencia', 'Pagada', 40.00, 136),
    (132, 'FAC-0132', '2025-11-04', 'Efectivo', 'Pagada', 45.00, 137),
    (133, 'FAC-0133', '2025-12-07', 'Tarjeta', 'Pagada', 50.00, 138),
    (134, 'FAC-0134', '2026-01-10', 'Transferencia', 'Pagada', 55.00, 139),
    (135, 'FAC-0135', '2026-02-13', 'Efectivo', 'Pagada', 35.00, 140),
    (136, 'FAC-0136', '2026-03-16', 'Tarjeta', 'Pagada', 40.00, 141),
    (137, 'FAC-0137', '2026-04-19', 'Transferencia', 'Pagada', 45.00, 142),
    (138, 'FAC-0138', '2026-05-22', 'Efectivo', 'Pagada', 50.00, 143),
    (139, 'FAC-0139', '2026-06-01', 'Tarjeta', 'Pagada', 55.00, 144),
    (140, 'FAC-0140', '2025-07-04', 'Transferencia', 'Pagada', 35.00, 145),
    (141, 'FAC-0141', '2025-09-10', 'Efectivo', 'Pagada', 40.00, 147),
    (142, 'FAC-0142', '2025-10-13', 'Tarjeta', 'Pagada', 45.00, 148),
    (143, 'FAC-0143', '2025-11-16', 'Transferencia', 'Pagada', 50.00, 149),
    (144, 'FAC-0144', '2025-12-19', 'Efectivo', 'Pagada', 55.00, 150),
    (145, 'FAC-0145', '2026-01-22', 'Tarjeta', 'Pagada', 35.00, 151),
    (146, 'FAC-0146', '2026-02-01', 'Transferencia', 'Pagada', 40.00, 152),
    (147, 'FAC-0147', '2026-03-04', 'Efectivo', 'Pagada', 45.00, 153),
    (148, 'FAC-0148', '2026-04-07', 'Tarjeta', 'Pagada', 50.00, 154),
    (149, 'FAC-0149', '2026-05-10', 'Transferencia', 'Pagada', 55.00, 155),
    (150, 'FAC-0150', '2026-06-13', 'Efectivo', 'Pagada', 35.00, 156),
    (151, 'FAC-0151', '2025-07-16', 'Tarjeta', 'Pagada', 40.00, 157),
    (152, 'FAC-0152', '2025-08-19', 'Transferencia', 'Pagada', 45.00, 158),
    (153, 'FAC-0153', '2025-09-22', 'Efectivo', 'Pagada', 50.00, 159),
    (154, 'FAC-0154', '2025-10-01', 'Tarjeta', 'Pagada', 55.00, 160),
    (155, 'FAC-0155', '2025-11-04', 'Transferencia', 'Pagada', 35.00, 161),
    (156, 'FAC-0156', '2025-12-07', 'Efectivo', 'Pagada', 40.00, 162),
    (157, 'FAC-0157', '2026-01-10', 'Tarjeta', 'Pagada', 45.00, 163),
    (158, 'FAC-0158', '2026-02-13', 'Transferencia', 'Pagada', 50.00, 164),
    (159, 'FAC-0159', '2026-03-16', 'Efectivo', 'Pagada', 55.00, 165),
    (160, 'FAC-0160', '2026-04-19', 'Tarjeta', 'Pagada', 35.00, 166),
    (161, 'FAC-0161', '2026-05-22', 'Transferencia', 'Pagada', 40.00, 167),
    (162, 'FAC-0162', '2026-06-01', 'Efectivo', 'Pagada', 45.00, 168),
    (163, 'FAC-0163', '2025-08-07', 'Tarjeta', 'Pagada', 50.00, 170),
    (164, 'FAC-0164', '2025-09-10', 'Transferencia', 'Pagada', 55.00, 171),
    (165, 'FAC-0165', '2025-10-13', 'Efectivo', 'Pagada', 35.00, 172),
    (166, 'FAC-0166', '2025-11-16', 'Tarjeta', 'Pagada', 40.00, 173),
    (167, 'FAC-0167', '2025-12-19', 'Transferencia', 'Pagada', 45.00, 174),
    (168, 'FAC-0168', '2026-01-22', 'Efectivo', 'Pagada', 50.00, 175),
    (169, 'FAC-0169', '2026-02-01', 'Tarjeta', 'Pagada', 55.00, 176),
    (170, 'FAC-0170', '2026-03-04', 'Transferencia', 'Pagada', 35.00, 177),
    (171, 'FAC-0171', '2026-04-07', 'Efectivo', 'Pagada', 40.00, 178),
    (172, 'FAC-0172', '2026-05-10', 'Tarjeta', 'Pagada', 45.00, 179),
    (173, 'FAC-0173', '2026-06-13', 'Transferencia', 'Pagada', 50.00, 180),
    (174, 'FAC-0174', '2025-07-16', 'Efectivo', 'Pagada', 55.00, 181),
    (175, 'FAC-0175', '2025-09-22', 'Tarjeta', 'Pagada', 35.00, 183),
    (176, 'FAC-0176', '2025-10-01', 'Transferencia', 'Pagada', 40.00, 184),
    (177, 'FAC-0177', '2025-11-04', 'Efectivo', 'Pagada', 45.00, 185),
    (178, 'FAC-0178', '2025-12-07', 'Tarjeta', 'Pagada', 50.00, 186),
    (179, 'FAC-0179', '2026-01-10', 'Transferencia', 'Pagada', 55.00, 187),
    (180, 'FAC-0180', '2026-02-13', 'Efectivo', 'Pagada', 35.00, 188),
    (181, 'FAC-0181', '2026-03-16', 'Tarjeta', 'Pagada', 40.00, 189),
    (182, 'FAC-0182', '2026-04-19', 'Transferencia', 'Pagada', 45.00, 190),
    (183, 'FAC-0183', '2026-06-01', 'Efectivo', 'Pagada', 50.00, 192),
    (184, 'FAC-0184', '2025-07-04', 'Tarjeta', 'Pagada', 55.00, 193),
    (185, 'FAC-0185', '2025-08-07', 'Transferencia', 'Pagada', 35.00, 194),
    (186, 'FAC-0186', '2025-09-10', 'Efectivo', 'Pagada', 40.00, 195),
    (187, 'FAC-0187', '2025-10-13', 'Tarjeta', 'Pagada', 45.00, 196),
    (188, 'FAC-0188', '2025-11-16', 'Transferencia', 'Pagada', 50.00, 197),
    (189, 'FAC-0189', '2026-01-22', 'Efectivo', 'Pagada', 55.00, 199),
    (190, 'FAC-0190', '2026-02-01', 'Tarjeta', 'Pagada', 35.00, 200);

INSERT INTO factura_detalle (id_factura_detalle, concepto_detalle, descripcion_detalle, cantidad, precio_unitario, subtotal, id_factura) VALUES
    (1, 'Consulta veterinaria', 'Consulta general de la mascota', 1, 20.00, 20.00, 1),
    (2, 'Servicio clinico', 'Procedimiento o medicamento asociado', 1, 20.00, 20.00, 1),
    (3, 'Consulta veterinaria', 'Consulta general de la mascota', 1, 20.00, 20.00, 2),
    (4, 'Servicio clinico', 'Procedimiento o medicamento asociado', 1, 25.00, 25.00, 2),
    (5, 'Consulta veterinaria', 'Consulta general de la mascota', 1, 20.00, 20.00, 3),
    (6, 'Servicio clinico', 'Procedimiento o medicamento asociado', 1, 30.00, 30.00, 3),
    (7, 'Consulta veterinaria', 'Consulta general de la mascota', 1, 20.00, 20.00, 4),
    (8, 'Servicio clinico', 'Procedimiento o medicamento asociado', 1, 35.00, 35.00, 4),
    (9, 'Consulta veterinaria', 'Consulta general de la mascota', 1, 20.00, 20.00, 5),
    (10, 'Servicio clinico', 'Procedimiento o medicamento asociado', 1, 15.00, 15.00, 5),
    (11, 'Consulta veterinaria', 'Consulta general de la mascota', 1, 20.00, 20.00, 6),
    (12, 'Servicio clinico', 'Procedimiento o medicamento asociado', 1, 20.00, 20.00, 6),
    (13, 'Consulta veterinaria', 'Consulta general de la mascota', 1, 20.00, 20.00, 7),
    (14, 'Servicio clinico', 'Procedimiento o medicamento asociado', 1, 25.00, 25.00, 7),
    (15, 'Consulta veterinaria', 'Consulta general de la mascota', 1, 20.00, 20.00, 8),
    (16, 'Servicio clinico', 'Procedimiento o medicamento asociado', 1, 30.00, 30.00, 8),
    (17, 'Consulta veterinaria', 'Consulta general de la mascota', 1, 20.00, 20.00, 9),
    (18, 'Servicio clinico', 'Procedimiento o medicamento asociado', 1, 35.00, 35.00, 9),
    (19, 'Consulta veterinaria', 'Consulta general de la mascota', 1, 20.00, 20.00, 10),
    (20, 'Servicio clinico', 'Procedimiento o medicamento asociado', 1, 15.00, 15.00, 10),
    (21, 'Consulta veterinaria', 'Consulta general de la mascota', 1, 20.00, 20.00, 11),
    (22, 'Servicio clinico', 'Procedimiento o medicamento asociado', 1, 20.00, 20.00, 11),
    (23, 'Consulta veterinaria', 'Consulta general de la mascota', 1, 20.00, 20.00, 12),
    (24, 'Servicio clinico', 'Procedimiento o medicamento asociado', 1, 25.00, 25.00, 12),
    (25, 'Consulta veterinaria', 'Consulta general de la mascota', 1, 20.00, 20.00, 13),
    (26, 'Servicio clinico', 'Procedimiento o medicamento asociado', 1, 30.00, 30.00, 13),
    (27, 'Consulta veterinaria', 'Consulta general de la mascota', 1, 20.00, 20.00, 14),
    (28, 'Servicio clinico', 'Procedimiento o medicamento asociado', 1, 35.00, 35.00, 14),
    (29, 'Consulta veterinaria', 'Consulta general de la mascota', 1, 20.00, 20.00, 15),
    (30, 'Servicio clinico', 'Procedimiento o medicamento asociado', 1, 15.00, 15.00, 15),
    (31, 'Consulta veterinaria', 'Consulta general de la mascota', 1, 20.00, 20.00, 16),
    (32, 'Servicio clinico', 'Procedimiento o medicamento asociado', 1, 20.00, 20.00, 16),
    (33, 'Consulta veterinaria', 'Consulta general de la mascota', 1, 20.00, 20.00, 17),
    (34, 'Servicio clinico', 'Procedimiento o medicamento asociado', 1, 25.00, 25.00, 17),
    (35, 'Consulta veterinaria', 'Consulta general de la mascota', 1, 20.00, 20.00, 18),
    (36, 'Servicio clinico', 'Procedimiento o medicamento asociado', 1, 30.00, 30.00, 18),
    (37, 'Consulta veterinaria', 'Consulta general de la mascota', 1, 20.00, 20.00, 19),
    (38, 'Servicio clinico', 'Procedimiento o medicamento asociado', 1, 35.00, 35.00, 19),
    (39, 'Consulta veterinaria', 'Consulta general de la mascota', 1, 20.00, 20.00, 20),
    (40, 'Servicio clinico', 'Procedimiento o medicamento asociado', 1, 15.00, 15.00, 20),
    (41, 'Consulta veterinaria', 'Consulta general de la mascota', 1, 20.00, 20.00, 21),
    (42, 'Servicio clinico', 'Procedimiento o medicamento asociado', 1, 20.00, 20.00, 21),
    (43, 'Consulta veterinaria', 'Consulta general de la mascota', 1, 20.00, 20.00, 22),
    (44, 'Servicio clinico', 'Procedimiento o medicamento asociado', 1, 25.00, 25.00, 22),
    (45, 'Consulta veterinaria', 'Consulta general de la mascota', 1, 20.00, 20.00, 23),
    (46, 'Servicio clinico', 'Procedimiento o medicamento asociado', 1, 30.00, 30.00, 23),
    (47, 'Consulta veterinaria', 'Consulta general de la mascota', 1, 20.00, 20.00, 24),
    (48, 'Servicio clinico', 'Procedimiento o medicamento asociado', 1, 35.00, 35.00, 24),
    (49, 'Consulta veterinaria', 'Consulta general de la mascota', 1, 20.00, 20.00, 25),
    (50, 'Servicio clinico', 'Procedimiento o medicamento asociado', 1, 15.00, 15.00, 25),
    (51, 'Consulta veterinaria', 'Consulta general de la mascota', 1, 20.00, 20.00, 26),
    (52, 'Servicio clinico', 'Procedimiento o medicamento asociado', 1, 20.00, 20.00, 26),
    (53, 'Consulta veterinaria', 'Consulta general de la mascota', 1, 20.00, 20.00, 27),
    (54, 'Servicio clinico', 'Procedimiento o medicamento asociado', 1, 25.00, 25.00, 27),
    (55, 'Consulta veterinaria', 'Consulta general de la mascota', 1, 20.00, 20.00, 28),
    (56, 'Servicio clinico', 'Procedimiento o medicamento asociado', 1, 30.00, 30.00, 28),
    (57, 'Consulta veterinaria', 'Consulta general de la mascota', 1, 20.00, 20.00, 29),
    (58, 'Servicio clinico', 'Procedimiento o medicamento asociado', 1, 35.00, 35.00, 29),
    (59, 'Consulta veterinaria', 'Consulta general de la mascota', 1, 20.00, 20.00, 30),
    (60, 'Servicio clinico', 'Procedimiento o medicamento asociado', 1, 15.00, 15.00, 30),
    (61, 'Consulta veterinaria', 'Consulta general de la mascota', 1, 20.00, 20.00, 31),
    (62, 'Servicio clinico', 'Procedimiento o medicamento asociado', 1, 20.00, 20.00, 31),
    (63, 'Consulta veterinaria', 'Consulta general de la mascota', 1, 20.00, 20.00, 32),
    (64, 'Servicio clinico', 'Procedimiento o medicamento asociado', 1, 25.00, 25.00, 32),
    (65, 'Consulta veterinaria', 'Consulta general de la mascota', 1, 20.00, 20.00, 33),
    (66, 'Servicio clinico', 'Procedimiento o medicamento asociado', 1, 30.00, 30.00, 33),
    (67, 'Consulta veterinaria', 'Consulta general de la mascota', 1, 20.00, 20.00, 34),
    (68, 'Servicio clinico', 'Procedimiento o medicamento asociado', 1, 35.00, 35.00, 34),
    (69, 'Consulta veterinaria', 'Consulta general de la mascota', 1, 20.00, 20.00, 35),
    (70, 'Servicio clinico', 'Procedimiento o medicamento asociado', 1, 15.00, 15.00, 35),
    (71, 'Consulta veterinaria', 'Consulta general de la mascota', 1, 20.00, 20.00, 36),
    (72, 'Servicio clinico', 'Procedimiento o medicamento asociado', 1, 20.00, 20.00, 36),
    (73, 'Consulta veterinaria', 'Consulta general de la mascota', 1, 20.00, 20.00, 37),
    (74, 'Servicio clinico', 'Procedimiento o medicamento asociado', 1, 25.00, 25.00, 37),
    (75, 'Consulta veterinaria', 'Consulta general de la mascota', 1, 20.00, 20.00, 38),
    (76, 'Servicio clinico', 'Procedimiento o medicamento asociado', 1, 30.00, 30.00, 38),
    (77, 'Consulta veterinaria', 'Consulta general de la mascota', 1, 20.00, 20.00, 39),
    (78, 'Servicio clinico', 'Procedimiento o medicamento asociado', 1, 35.00, 35.00, 39),
    (79, 'Consulta veterinaria', 'Consulta general de la mascota', 1, 20.00, 20.00, 40),
    (80, 'Servicio clinico', 'Procedimiento o medicamento asociado', 1, 15.00, 15.00, 40),
    (81, 'Consulta veterinaria', 'Consulta general de la mascota', 1, 20.00, 20.00, 41),
    (82, 'Servicio clinico', 'Procedimiento o medicamento asociado', 1, 20.00, 20.00, 41),
    (83, 'Consulta veterinaria', 'Consulta general de la mascota', 1, 20.00, 20.00, 42),
    (84, 'Servicio clinico', 'Procedimiento o medicamento asociado', 1, 25.00, 25.00, 42),
    (85, 'Consulta veterinaria', 'Consulta general de la mascota', 1, 20.00, 20.00, 43),
    (86, 'Servicio clinico', 'Procedimiento o medicamento asociado', 1, 30.00, 30.00, 43),
    (87, 'Consulta veterinaria', 'Consulta general de la mascota', 1, 20.00, 20.00, 44),
    (88, 'Servicio clinico', 'Procedimiento o medicamento asociado', 1, 35.00, 35.00, 44),
    (89, 'Consulta veterinaria', 'Consulta general de la mascota', 1, 20.00, 20.00, 45),
    (90, 'Servicio clinico', 'Procedimiento o medicamento asociado', 1, 15.00, 15.00, 45),
    (91, 'Consulta veterinaria', 'Consulta general de la mascota', 1, 20.00, 20.00, 46),
    (92, 'Servicio clinico', 'Procedimiento o medicamento asociado', 1, 20.00, 20.00, 46),
    (93, 'Consulta veterinaria', 'Consulta general de la mascota', 1, 20.00, 20.00, 47),
    (94, 'Servicio clinico', 'Procedimiento o medicamento asociado', 1, 25.00, 25.00, 47),
    (95, 'Consulta veterinaria', 'Consulta general de la mascota', 1, 20.00, 20.00, 48),
    (96, 'Servicio clinico', 'Procedimiento o medicamento asociado', 1, 30.00, 30.00, 48),
    (97, 'Consulta veterinaria', 'Consulta general de la mascota', 1, 20.00, 20.00, 49),
    (98, 'Servicio clinico', 'Procedimiento o medicamento asociado', 1, 35.00, 35.00, 49),
    (99, 'Consulta veterinaria', 'Consulta general de la mascota', 1, 20.00, 20.00, 50),
    (100, 'Servicio clinico', 'Procedimiento o medicamento asociado', 1, 15.00, 15.00, 50),
    (101, 'Consulta veterinaria', 'Consulta general de la mascota', 1, 20.00, 20.00, 51),
    (102, 'Servicio clinico', 'Procedimiento o medicamento asociado', 1, 20.00, 20.00, 51),
    (103, 'Consulta veterinaria', 'Consulta general de la mascota', 1, 20.00, 20.00, 52),
    (104, 'Servicio clinico', 'Procedimiento o medicamento asociado', 1, 25.00, 25.00, 52),
    (105, 'Consulta veterinaria', 'Consulta general de la mascota', 1, 20.00, 20.00, 53),
    (106, 'Servicio clinico', 'Procedimiento o medicamento asociado', 1, 30.00, 30.00, 53),
    (107, 'Consulta veterinaria', 'Consulta general de la mascota', 1, 20.00, 20.00, 54),
    (108, 'Servicio clinico', 'Procedimiento o medicamento asociado', 1, 35.00, 35.00, 54),
    (109, 'Consulta veterinaria', 'Consulta general de la mascota', 1, 20.00, 20.00, 55),
    (110, 'Servicio clinico', 'Procedimiento o medicamento asociado', 1, 15.00, 15.00, 55),
    (111, 'Consulta veterinaria', 'Consulta general de la mascota', 1, 20.00, 20.00, 56),
    (112, 'Servicio clinico', 'Procedimiento o medicamento asociado', 1, 20.00, 20.00, 56),
    (113, 'Consulta veterinaria', 'Consulta general de la mascota', 1, 20.00, 20.00, 57),
    (114, 'Servicio clinico', 'Procedimiento o medicamento asociado', 1, 25.00, 25.00, 57),
    (115, 'Consulta veterinaria', 'Consulta general de la mascota', 1, 20.00, 20.00, 58),
    (116, 'Servicio clinico', 'Procedimiento o medicamento asociado', 1, 30.00, 30.00, 58),
    (117, 'Consulta veterinaria', 'Consulta general de la mascota', 1, 20.00, 20.00, 59),
    (118, 'Servicio clinico', 'Procedimiento o medicamento asociado', 1, 35.00, 35.00, 59),
    (119, 'Consulta veterinaria', 'Consulta general de la mascota', 1, 20.00, 20.00, 60),
    (120, 'Servicio clinico', 'Procedimiento o medicamento asociado', 1, 15.00, 15.00, 60),
    (121, 'Consulta veterinaria', 'Consulta general de la mascota', 1, 20.00, 20.00, 61),
    (122, 'Servicio clinico', 'Procedimiento o medicamento asociado', 1, 20.00, 20.00, 61),
    (123, 'Consulta veterinaria', 'Consulta general de la mascota', 1, 20.00, 20.00, 62),
    (124, 'Servicio clinico', 'Procedimiento o medicamento asociado', 1, 25.00, 25.00, 62),
    (125, 'Consulta veterinaria', 'Consulta general de la mascota', 1, 20.00, 20.00, 63),
    (126, 'Servicio clinico', 'Procedimiento o medicamento asociado', 1, 30.00, 30.00, 63),
    (127, 'Consulta veterinaria', 'Consulta general de la mascota', 1, 20.00, 20.00, 64),
    (128, 'Servicio clinico', 'Procedimiento o medicamento asociado', 1, 35.00, 35.00, 64),
    (129, 'Consulta veterinaria', 'Consulta general de la mascota', 1, 20.00, 20.00, 65),
    (130, 'Servicio clinico', 'Procedimiento o medicamento asociado', 1, 15.00, 15.00, 65),
    (131, 'Consulta veterinaria', 'Consulta general de la mascota', 1, 20.00, 20.00, 66),
    (132, 'Servicio clinico', 'Procedimiento o medicamento asociado', 1, 20.00, 20.00, 66),
    (133, 'Consulta veterinaria', 'Consulta general de la mascota', 1, 20.00, 20.00, 67),
    (134, 'Servicio clinico', 'Procedimiento o medicamento asociado', 1, 25.00, 25.00, 67),
    (135, 'Consulta veterinaria', 'Consulta general de la mascota', 1, 20.00, 20.00, 68),
    (136, 'Servicio clinico', 'Procedimiento o medicamento asociado', 1, 30.00, 30.00, 68),
    (137, 'Consulta veterinaria', 'Consulta general de la mascota', 1, 20.00, 20.00, 69),
    (138, 'Servicio clinico', 'Procedimiento o medicamento asociado', 1, 35.00, 35.00, 69),
    (139, 'Consulta veterinaria', 'Consulta general de la mascota', 1, 20.00, 20.00, 70),
    (140, 'Servicio clinico', 'Procedimiento o medicamento asociado', 1, 15.00, 15.00, 70),
    (141, 'Consulta veterinaria', 'Consulta general de la mascota', 1, 20.00, 20.00, 71),
    (142, 'Servicio clinico', 'Procedimiento o medicamento asociado', 1, 20.00, 20.00, 71),
    (143, 'Consulta veterinaria', 'Consulta general de la mascota', 1, 20.00, 20.00, 72),
    (144, 'Servicio clinico', 'Procedimiento o medicamento asociado', 1, 25.00, 25.00, 72),
    (145, 'Consulta veterinaria', 'Consulta general de la mascota', 1, 20.00, 20.00, 73),
    (146, 'Servicio clinico', 'Procedimiento o medicamento asociado', 1, 30.00, 30.00, 73),
    (147, 'Consulta veterinaria', 'Consulta general de la mascota', 1, 20.00, 20.00, 74),
    (148, 'Servicio clinico', 'Procedimiento o medicamento asociado', 1, 35.00, 35.00, 74),
    (149, 'Consulta veterinaria', 'Consulta general de la mascota', 1, 20.00, 20.00, 75),
    (150, 'Servicio clinico', 'Procedimiento o medicamento asociado', 1, 15.00, 15.00, 75),
    (151, 'Consulta veterinaria', 'Consulta general de la mascota', 1, 20.00, 20.00, 76),
    (152, 'Servicio clinico', 'Procedimiento o medicamento asociado', 1, 20.00, 20.00, 76),
    (153, 'Consulta veterinaria', 'Consulta general de la mascota', 1, 20.00, 20.00, 77),
    (154, 'Servicio clinico', 'Procedimiento o medicamento asociado', 1, 25.00, 25.00, 77),
    (155, 'Consulta veterinaria', 'Consulta general de la mascota', 1, 20.00, 20.00, 78),
    (156, 'Servicio clinico', 'Procedimiento o medicamento asociado', 1, 30.00, 30.00, 78),
    (157, 'Consulta veterinaria', 'Consulta general de la mascota', 1, 20.00, 20.00, 79),
    (158, 'Servicio clinico', 'Procedimiento o medicamento asociado', 1, 35.00, 35.00, 79),
    (159, 'Consulta veterinaria', 'Consulta general de la mascota', 1, 20.00, 20.00, 80),
    (160, 'Servicio clinico', 'Procedimiento o medicamento asociado', 1, 15.00, 15.00, 80),
    (161, 'Consulta veterinaria', 'Consulta general de la mascota', 1, 20.00, 20.00, 81),
    (162, 'Servicio clinico', 'Procedimiento o medicamento asociado', 1, 20.00, 20.00, 81),
    (163, 'Consulta veterinaria', 'Consulta general de la mascota', 1, 20.00, 20.00, 82),
    (164, 'Servicio clinico', 'Procedimiento o medicamento asociado', 1, 25.00, 25.00, 82),
    (165, 'Consulta veterinaria', 'Consulta general de la mascota', 1, 20.00, 20.00, 83),
    (166, 'Servicio clinico', 'Procedimiento o medicamento asociado', 1, 30.00, 30.00, 83),
    (167, 'Consulta veterinaria', 'Consulta general de la mascota', 1, 20.00, 20.00, 84),
    (168, 'Servicio clinico', 'Procedimiento o medicamento asociado', 1, 35.00, 35.00, 84),
    (169, 'Consulta veterinaria', 'Consulta general de la mascota', 1, 20.00, 20.00, 85),
    (170, 'Servicio clinico', 'Procedimiento o medicamento asociado', 1, 15.00, 15.00, 85),
    (171, 'Consulta veterinaria', 'Consulta general de la mascota', 1, 20.00, 20.00, 86),
    (172, 'Servicio clinico', 'Procedimiento o medicamento asociado', 1, 20.00, 20.00, 86),
    (173, 'Consulta veterinaria', 'Consulta general de la mascota', 1, 20.00, 20.00, 87),
    (174, 'Servicio clinico', 'Procedimiento o medicamento asociado', 1, 25.00, 25.00, 87),
    (175, 'Consulta veterinaria', 'Consulta general de la mascota', 1, 20.00, 20.00, 88),
    (176, 'Servicio clinico', 'Procedimiento o medicamento asociado', 1, 30.00, 30.00, 88),
    (177, 'Consulta veterinaria', 'Consulta general de la mascota', 1, 20.00, 20.00, 89),
    (178, 'Servicio clinico', 'Procedimiento o medicamento asociado', 1, 35.00, 35.00, 89),
    (179, 'Consulta veterinaria', 'Consulta general de la mascota', 1, 20.00, 20.00, 90),
    (180, 'Servicio clinico', 'Procedimiento o medicamento asociado', 1, 15.00, 15.00, 90),
    (181, 'Consulta veterinaria', 'Consulta general de la mascota', 1, 20.00, 20.00, 91),
    (182, 'Servicio clinico', 'Procedimiento o medicamento asociado', 1, 20.00, 20.00, 91),
    (183, 'Consulta veterinaria', 'Consulta general de la mascota', 1, 20.00, 20.00, 92),
    (184, 'Servicio clinico', 'Procedimiento o medicamento asociado', 1, 25.00, 25.00, 92),
    (185, 'Consulta veterinaria', 'Consulta general de la mascota', 1, 20.00, 20.00, 93),
    (186, 'Servicio clinico', 'Procedimiento o medicamento asociado', 1, 30.00, 30.00, 93),
    (187, 'Consulta veterinaria', 'Consulta general de la mascota', 1, 20.00, 20.00, 94),
    (188, 'Servicio clinico', 'Procedimiento o medicamento asociado', 1, 35.00, 35.00, 94),
    (189, 'Consulta veterinaria', 'Consulta general de la mascota', 1, 20.00, 20.00, 95),
    (190, 'Servicio clinico', 'Procedimiento o medicamento asociado', 1, 15.00, 15.00, 95),
    (191, 'Consulta veterinaria', 'Consulta general de la mascota', 1, 20.00, 20.00, 96),
    (192, 'Servicio clinico', 'Procedimiento o medicamento asociado', 1, 20.00, 20.00, 96),
    (193, 'Consulta veterinaria', 'Consulta general de la mascota', 1, 20.00, 20.00, 97),
    (194, 'Servicio clinico', 'Procedimiento o medicamento asociado', 1, 25.00, 25.00, 97),
    (195, 'Consulta veterinaria', 'Consulta general de la mascota', 1, 20.00, 20.00, 98),
    (196, 'Servicio clinico', 'Procedimiento o medicamento asociado', 1, 30.00, 30.00, 98),
    (197, 'Consulta veterinaria', 'Consulta general de la mascota', 1, 20.00, 20.00, 99),
    (198, 'Servicio clinico', 'Procedimiento o medicamento asociado', 1, 35.00, 35.00, 99),
    (199, 'Consulta veterinaria', 'Consulta general de la mascota', 1, 20.00, 20.00, 100),
    (200, 'Servicio clinico', 'Procedimiento o medicamento asociado', 1, 15.00, 15.00, 100),
    (201, 'Consulta veterinaria', 'Consulta general de la mascota', 1, 20.00, 20.00, 101),
    (202, 'Servicio clinico', 'Procedimiento o medicamento asociado', 1, 20.00, 20.00, 101),
    (203, 'Consulta veterinaria', 'Consulta general de la mascota', 1, 20.00, 20.00, 102),
    (204, 'Servicio clinico', 'Procedimiento o medicamento asociado', 1, 25.00, 25.00, 102),
    (205, 'Consulta veterinaria', 'Consulta general de la mascota', 1, 20.00, 20.00, 103),
    (206, 'Servicio clinico', 'Procedimiento o medicamento asociado', 1, 30.00, 30.00, 103),
    (207, 'Consulta veterinaria', 'Consulta general de la mascota', 1, 20.00, 20.00, 104),
    (208, 'Servicio clinico', 'Procedimiento o medicamento asociado', 1, 35.00, 35.00, 104),
    (209, 'Consulta veterinaria', 'Consulta general de la mascota', 1, 20.00, 20.00, 105),
    (210, 'Servicio clinico', 'Procedimiento o medicamento asociado', 1, 15.00, 15.00, 105),
    (211, 'Consulta veterinaria', 'Consulta general de la mascota', 1, 20.00, 20.00, 106),
    (212, 'Servicio clinico', 'Procedimiento o medicamento asociado', 1, 20.00, 20.00, 106),
    (213, 'Consulta veterinaria', 'Consulta general de la mascota', 1, 20.00, 20.00, 107),
    (214, 'Servicio clinico', 'Procedimiento o medicamento asociado', 1, 25.00, 25.00, 107),
    (215, 'Consulta veterinaria', 'Consulta general de la mascota', 1, 20.00, 20.00, 108),
    (216, 'Servicio clinico', 'Procedimiento o medicamento asociado', 1, 30.00, 30.00, 108),
    (217, 'Consulta veterinaria', 'Consulta general de la mascota', 1, 20.00, 20.00, 109),
    (218, 'Servicio clinico', 'Procedimiento o medicamento asociado', 1, 35.00, 35.00, 109),
    (219, 'Consulta veterinaria', 'Consulta general de la mascota', 1, 20.00, 20.00, 110),
    (220, 'Servicio clinico', 'Procedimiento o medicamento asociado', 1, 15.00, 15.00, 110),
    (221, 'Consulta veterinaria', 'Consulta general de la mascota', 1, 20.00, 20.00, 111),
    (222, 'Servicio clinico', 'Procedimiento o medicamento asociado', 1, 20.00, 20.00, 111),
    (223, 'Consulta veterinaria', 'Consulta general de la mascota', 1, 20.00, 20.00, 112),
    (224, 'Servicio clinico', 'Procedimiento o medicamento asociado', 1, 25.00, 25.00, 112),
    (225, 'Consulta veterinaria', 'Consulta general de la mascota', 1, 20.00, 20.00, 113),
    (226, 'Servicio clinico', 'Procedimiento o medicamento asociado', 1, 30.00, 30.00, 113),
    (227, 'Consulta veterinaria', 'Consulta general de la mascota', 1, 20.00, 20.00, 114),
    (228, 'Servicio clinico', 'Procedimiento o medicamento asociado', 1, 35.00, 35.00, 114),
    (229, 'Consulta veterinaria', 'Consulta general de la mascota', 1, 20.00, 20.00, 115),
    (230, 'Servicio clinico', 'Procedimiento o medicamento asociado', 1, 15.00, 15.00, 115),
    (231, 'Consulta veterinaria', 'Consulta general de la mascota', 1, 20.00, 20.00, 116),
    (232, 'Servicio clinico', 'Procedimiento o medicamento asociado', 1, 20.00, 20.00, 116),
    (233, 'Consulta veterinaria', 'Consulta general de la mascota', 1, 20.00, 20.00, 117),
    (234, 'Servicio clinico', 'Procedimiento o medicamento asociado', 1, 25.00, 25.00, 117),
    (235, 'Consulta veterinaria', 'Consulta general de la mascota', 1, 20.00, 20.00, 118),
    (236, 'Servicio clinico', 'Procedimiento o medicamento asociado', 1, 30.00, 30.00, 118),
    (237, 'Consulta veterinaria', 'Consulta general de la mascota', 1, 20.00, 20.00, 119),
    (238, 'Servicio clinico', 'Procedimiento o medicamento asociado', 1, 35.00, 35.00, 119),
    (239, 'Consulta veterinaria', 'Consulta general de la mascota', 1, 20.00, 20.00, 120),
    (240, 'Servicio clinico', 'Procedimiento o medicamento asociado', 1, 15.00, 15.00, 120),
    (241, 'Consulta veterinaria', 'Consulta general de la mascota', 1, 20.00, 20.00, 121),
    (242, 'Servicio clinico', 'Procedimiento o medicamento asociado', 1, 20.00, 20.00, 121),
    (243, 'Consulta veterinaria', 'Consulta general de la mascota', 1, 20.00, 20.00, 122),
    (244, 'Servicio clinico', 'Procedimiento o medicamento asociado', 1, 25.00, 25.00, 122),
    (245, 'Consulta veterinaria', 'Consulta general de la mascota', 1, 20.00, 20.00, 123),
    (246, 'Servicio clinico', 'Procedimiento o medicamento asociado', 1, 30.00, 30.00, 123),
    (247, 'Consulta veterinaria', 'Consulta general de la mascota', 1, 20.00, 20.00, 124),
    (248, 'Servicio clinico', 'Procedimiento o medicamento asociado', 1, 35.00, 35.00, 124),
    (249, 'Consulta veterinaria', 'Consulta general de la mascota', 1, 20.00, 20.00, 125),
    (250, 'Servicio clinico', 'Procedimiento o medicamento asociado', 1, 15.00, 15.00, 125),
    (251, 'Consulta veterinaria', 'Consulta general de la mascota', 1, 20.00, 20.00, 126),
    (252, 'Servicio clinico', 'Procedimiento o medicamento asociado', 1, 20.00, 20.00, 126),
    (253, 'Consulta veterinaria', 'Consulta general de la mascota', 1, 20.00, 20.00, 127),
    (254, 'Servicio clinico', 'Procedimiento o medicamento asociado', 1, 25.00, 25.00, 127),
    (255, 'Consulta veterinaria', 'Consulta general de la mascota', 1, 20.00, 20.00, 128),
    (256, 'Servicio clinico', 'Procedimiento o medicamento asociado', 1, 30.00, 30.00, 128),
    (257, 'Consulta veterinaria', 'Consulta general de la mascota', 1, 20.00, 20.00, 129),
    (258, 'Servicio clinico', 'Procedimiento o medicamento asociado', 1, 35.00, 35.00, 129),
    (259, 'Consulta veterinaria', 'Consulta general de la mascota', 1, 20.00, 20.00, 130),
    (260, 'Servicio clinico', 'Procedimiento o medicamento asociado', 1, 15.00, 15.00, 130),
    (261, 'Consulta veterinaria', 'Consulta general de la mascota', 1, 20.00, 20.00, 131),
    (262, 'Servicio clinico', 'Procedimiento o medicamento asociado', 1, 20.00, 20.00, 131),
    (263, 'Consulta veterinaria', 'Consulta general de la mascota', 1, 20.00, 20.00, 132),
    (264, 'Servicio clinico', 'Procedimiento o medicamento asociado', 1, 25.00, 25.00, 132),
    (265, 'Consulta veterinaria', 'Consulta general de la mascota', 1, 20.00, 20.00, 133),
    (266, 'Servicio clinico', 'Procedimiento o medicamento asociado', 1, 30.00, 30.00, 133),
    (267, 'Consulta veterinaria', 'Consulta general de la mascota', 1, 20.00, 20.00, 134),
    (268, 'Servicio clinico', 'Procedimiento o medicamento asociado', 1, 35.00, 35.00, 134),
    (269, 'Consulta veterinaria', 'Consulta general de la mascota', 1, 20.00, 20.00, 135),
    (270, 'Servicio clinico', 'Procedimiento o medicamento asociado', 1, 15.00, 15.00, 135),
    (271, 'Consulta veterinaria', 'Consulta general de la mascota', 1, 20.00, 20.00, 136),
    (272, 'Servicio clinico', 'Procedimiento o medicamento asociado', 1, 20.00, 20.00, 136),
    (273, 'Consulta veterinaria', 'Consulta general de la mascota', 1, 20.00, 20.00, 137),
    (274, 'Servicio clinico', 'Procedimiento o medicamento asociado', 1, 25.00, 25.00, 137),
    (275, 'Consulta veterinaria', 'Consulta general de la mascota', 1, 20.00, 20.00, 138),
    (276, 'Servicio clinico', 'Procedimiento o medicamento asociado', 1, 30.00, 30.00, 138),
    (277, 'Consulta veterinaria', 'Consulta general de la mascota', 1, 20.00, 20.00, 139),
    (278, 'Servicio clinico', 'Procedimiento o medicamento asociado', 1, 35.00, 35.00, 139),
    (279, 'Consulta veterinaria', 'Consulta general de la mascota', 1, 20.00, 20.00, 140),
    (280, 'Servicio clinico', 'Procedimiento o medicamento asociado', 1, 15.00, 15.00, 140),
    (281, 'Consulta veterinaria', 'Consulta general de la mascota', 1, 20.00, 20.00, 141),
    (282, 'Servicio clinico', 'Procedimiento o medicamento asociado', 1, 20.00, 20.00, 141),
    (283, 'Consulta veterinaria', 'Consulta general de la mascota', 1, 20.00, 20.00, 142),
    (284, 'Servicio clinico', 'Procedimiento o medicamento asociado', 1, 25.00, 25.00, 142),
    (285, 'Consulta veterinaria', 'Consulta general de la mascota', 1, 20.00, 20.00, 143),
    (286, 'Servicio clinico', 'Procedimiento o medicamento asociado', 1, 30.00, 30.00, 143),
    (287, 'Consulta veterinaria', 'Consulta general de la mascota', 1, 20.00, 20.00, 144),
    (288, 'Servicio clinico', 'Procedimiento o medicamento asociado', 1, 35.00, 35.00, 144),
    (289, 'Consulta veterinaria', 'Consulta general de la mascota', 1, 20.00, 20.00, 145),
    (290, 'Servicio clinico', 'Procedimiento o medicamento asociado', 1, 15.00, 15.00, 145),
    (291, 'Consulta veterinaria', 'Consulta general de la mascota', 1, 20.00, 20.00, 146),
    (292, 'Servicio clinico', 'Procedimiento o medicamento asociado', 1, 20.00, 20.00, 146),
    (293, 'Consulta veterinaria', 'Consulta general de la mascota', 1, 20.00, 20.00, 147),
    (294, 'Servicio clinico', 'Procedimiento o medicamento asociado', 1, 25.00, 25.00, 147),
    (295, 'Consulta veterinaria', 'Consulta general de la mascota', 1, 20.00, 20.00, 148),
    (296, 'Servicio clinico', 'Procedimiento o medicamento asociado', 1, 30.00, 30.00, 148),
    (297, 'Consulta veterinaria', 'Consulta general de la mascota', 1, 20.00, 20.00, 149),
    (298, 'Servicio clinico', 'Procedimiento o medicamento asociado', 1, 35.00, 35.00, 149),
    (299, 'Consulta veterinaria', 'Consulta general de la mascota', 1, 20.00, 20.00, 150),
    (300, 'Servicio clinico', 'Procedimiento o medicamento asociado', 1, 15.00, 15.00, 150),
    (301, 'Consulta veterinaria', 'Consulta general de la mascota', 1, 20.00, 20.00, 151),
    (302, 'Servicio clinico', 'Procedimiento o medicamento asociado', 1, 20.00, 20.00, 151),
    (303, 'Consulta veterinaria', 'Consulta general de la mascota', 1, 20.00, 20.00, 152),
    (304, 'Servicio clinico', 'Procedimiento o medicamento asociado', 1, 25.00, 25.00, 152),
    (305, 'Consulta veterinaria', 'Consulta general de la mascota', 1, 20.00, 20.00, 153),
    (306, 'Servicio clinico', 'Procedimiento o medicamento asociado', 1, 30.00, 30.00, 153),
    (307, 'Consulta veterinaria', 'Consulta general de la mascota', 1, 20.00, 20.00, 154),
    (308, 'Servicio clinico', 'Procedimiento o medicamento asociado', 1, 35.00, 35.00, 154),
    (309, 'Consulta veterinaria', 'Consulta general de la mascota', 1, 20.00, 20.00, 155),
    (310, 'Servicio clinico', 'Procedimiento o medicamento asociado', 1, 15.00, 15.00, 155),
    (311, 'Consulta veterinaria', 'Consulta general de la mascota', 1, 20.00, 20.00, 156),
    (312, 'Servicio clinico', 'Procedimiento o medicamento asociado', 1, 20.00, 20.00, 156),
    (313, 'Consulta veterinaria', 'Consulta general de la mascota', 1, 20.00, 20.00, 157),
    (314, 'Servicio clinico', 'Procedimiento o medicamento asociado', 1, 25.00, 25.00, 157),
    (315, 'Consulta veterinaria', 'Consulta general de la mascota', 1, 20.00, 20.00, 158),
    (316, 'Servicio clinico', 'Procedimiento o medicamento asociado', 1, 30.00, 30.00, 158),
    (317, 'Consulta veterinaria', 'Consulta general de la mascota', 1, 20.00, 20.00, 159),
    (318, 'Servicio clinico', 'Procedimiento o medicamento asociado', 1, 35.00, 35.00, 159),
    (319, 'Consulta veterinaria', 'Consulta general de la mascota', 1, 20.00, 20.00, 160),
    (320, 'Servicio clinico', 'Procedimiento o medicamento asociado', 1, 15.00, 15.00, 160),
    (321, 'Consulta veterinaria', 'Consulta general de la mascota', 1, 20.00, 20.00, 161),
    (322, 'Servicio clinico', 'Procedimiento o medicamento asociado', 1, 20.00, 20.00, 161),
    (323, 'Consulta veterinaria', 'Consulta general de la mascota', 1, 20.00, 20.00, 162),
    (324, 'Servicio clinico', 'Procedimiento o medicamento asociado', 1, 25.00, 25.00, 162),
    (325, 'Consulta veterinaria', 'Consulta general de la mascota', 1, 20.00, 20.00, 163),
    (326, 'Servicio clinico', 'Procedimiento o medicamento asociado', 1, 30.00, 30.00, 163),
    (327, 'Consulta veterinaria', 'Consulta general de la mascota', 1, 20.00, 20.00, 164),
    (328, 'Servicio clinico', 'Procedimiento o medicamento asociado', 1, 35.00, 35.00, 164),
    (329, 'Consulta veterinaria', 'Consulta general de la mascota', 1, 20.00, 20.00, 165),
    (330, 'Servicio clinico', 'Procedimiento o medicamento asociado', 1, 15.00, 15.00, 165),
    (331, 'Consulta veterinaria', 'Consulta general de la mascota', 1, 20.00, 20.00, 166),
    (332, 'Servicio clinico', 'Procedimiento o medicamento asociado', 1, 20.00, 20.00, 166),
    (333, 'Consulta veterinaria', 'Consulta general de la mascota', 1, 20.00, 20.00, 167),
    (334, 'Servicio clinico', 'Procedimiento o medicamento asociado', 1, 25.00, 25.00, 167),
    (335, 'Consulta veterinaria', 'Consulta general de la mascota', 1, 20.00, 20.00, 168),
    (336, 'Servicio clinico', 'Procedimiento o medicamento asociado', 1, 30.00, 30.00, 168),
    (337, 'Consulta veterinaria', 'Consulta general de la mascota', 1, 20.00, 20.00, 169),
    (338, 'Servicio clinico', 'Procedimiento o medicamento asociado', 1, 35.00, 35.00, 169),
    (339, 'Consulta veterinaria', 'Consulta general de la mascota', 1, 20.00, 20.00, 170),
    (340, 'Servicio clinico', 'Procedimiento o medicamento asociado', 1, 15.00, 15.00, 170),
    (341, 'Consulta veterinaria', 'Consulta general de la mascota', 1, 20.00, 20.00, 171),
    (342, 'Servicio clinico', 'Procedimiento o medicamento asociado', 1, 20.00, 20.00, 171),
    (343, 'Consulta veterinaria', 'Consulta general de la mascota', 1, 20.00, 20.00, 172),
    (344, 'Servicio clinico', 'Procedimiento o medicamento asociado', 1, 25.00, 25.00, 172),
    (345, 'Consulta veterinaria', 'Consulta general de la mascota', 1, 20.00, 20.00, 173),
    (346, 'Servicio clinico', 'Procedimiento o medicamento asociado', 1, 30.00, 30.00, 173),
    (347, 'Consulta veterinaria', 'Consulta general de la mascota', 1, 20.00, 20.00, 174),
    (348, 'Servicio clinico', 'Procedimiento o medicamento asociado', 1, 35.00, 35.00, 174),
    (349, 'Consulta veterinaria', 'Consulta general de la mascota', 1, 20.00, 20.00, 175),
    (350, 'Servicio clinico', 'Procedimiento o medicamento asociado', 1, 15.00, 15.00, 175),
    (351, 'Consulta veterinaria', 'Consulta general de la mascota', 1, 20.00, 20.00, 176),
    (352, 'Servicio clinico', 'Procedimiento o medicamento asociado', 1, 20.00, 20.00, 176),
    (353, 'Consulta veterinaria', 'Consulta general de la mascota', 1, 20.00, 20.00, 177),
    (354, 'Servicio clinico', 'Procedimiento o medicamento asociado', 1, 25.00, 25.00, 177),
    (355, 'Consulta veterinaria', 'Consulta general de la mascota', 1, 20.00, 20.00, 178),
    (356, 'Servicio clinico', 'Procedimiento o medicamento asociado', 1, 30.00, 30.00, 178),
    (357, 'Consulta veterinaria', 'Consulta general de la mascota', 1, 20.00, 20.00, 179),
    (358, 'Servicio clinico', 'Procedimiento o medicamento asociado', 1, 35.00, 35.00, 179),
    (359, 'Consulta veterinaria', 'Consulta general de la mascota', 1, 20.00, 20.00, 180),
    (360, 'Servicio clinico', 'Procedimiento o medicamento asociado', 1, 15.00, 15.00, 180),
    (361, 'Consulta veterinaria', 'Consulta general de la mascota', 1, 20.00, 20.00, 181),
    (362, 'Servicio clinico', 'Procedimiento o medicamento asociado', 1, 20.00, 20.00, 181),
    (363, 'Consulta veterinaria', 'Consulta general de la mascota', 1, 20.00, 20.00, 182),
    (364, 'Servicio clinico', 'Procedimiento o medicamento asociado', 1, 25.00, 25.00, 182),
    (365, 'Consulta veterinaria', 'Consulta general de la mascota', 1, 20.00, 20.00, 183),
    (366, 'Servicio clinico', 'Procedimiento o medicamento asociado', 1, 30.00, 30.00, 183),
    (367, 'Consulta veterinaria', 'Consulta general de la mascota', 1, 20.00, 20.00, 184),
    (368, 'Servicio clinico', 'Procedimiento o medicamento asociado', 1, 35.00, 35.00, 184),
    (369, 'Consulta veterinaria', 'Consulta general de la mascota', 1, 20.00, 20.00, 185),
    (370, 'Servicio clinico', 'Procedimiento o medicamento asociado', 1, 15.00, 15.00, 185),
    (371, 'Consulta veterinaria', 'Consulta general de la mascota', 1, 20.00, 20.00, 186),
    (372, 'Servicio clinico', 'Procedimiento o medicamento asociado', 1, 20.00, 20.00, 186),
    (373, 'Consulta veterinaria', 'Consulta general de la mascota', 1, 20.00, 20.00, 187),
    (374, 'Servicio clinico', 'Procedimiento o medicamento asociado', 1, 25.00, 25.00, 187),
    (375, 'Consulta veterinaria', 'Consulta general de la mascota', 1, 20.00, 20.00, 188),
    (376, 'Servicio clinico', 'Procedimiento o medicamento asociado', 1, 30.00, 30.00, 188),
    (377, 'Consulta veterinaria', 'Consulta general de la mascota', 1, 20.00, 20.00, 189),
    (378, 'Servicio clinico', 'Procedimiento o medicamento asociado', 1, 35.00, 35.00, 189),
    (379, 'Consulta veterinaria', 'Consulta general de la mascota', 1, 20.00, 20.00, 190),
    (380, 'Servicio clinico', 'Procedimiento o medicamento asociado', 1, 15.00, 15.00, 190);
-- ============================================================
-- AJUSTE DE SECUENCIAS
-- ============================================================
-- Se actualizan las secuencias de las tablas con campos SERIAL,
-- ya que los datos del DML se insertan con IDs definidos manualmente.

SELECT setval(pg_get_serial_sequence('especie', 'id_especie'), (SELECT MAX(id_especie) FROM especie));
SELECT setval(pg_get_serial_sequence('especialidad', 'id_especialidad'), (SELECT MAX(id_especialidad) FROM especialidad));
SELECT setval(pg_get_serial_sequence('propietario', 'id_propietario'), (SELECT MAX(id_propietario) FROM propietario));
SELECT setval(pg_get_serial_sequence('mascota', 'id_mascota'), (SELECT MAX(id_mascota) FROM mascota));
SELECT setval(pg_get_serial_sequence('veterinario', 'id_veterinario'), (SELECT MAX(id_veterinario) FROM veterinario));
SELECT setval(pg_get_serial_sequence('medicamento', 'id_medicamento'), (SELECT MAX(id_medicamento) FROM medicamento));
SELECT setval(pg_get_serial_sequence('cita', 'id_cita'), (SELECT MAX(id_cita) FROM cita));
SELECT setval(pg_get_serial_sequence('diagnostico', 'id_diagnostico'), (SELECT MAX(id_diagnostico) FROM diagnostico));
SELECT setval(pg_get_serial_sequence('tratamiento', 'id_tratamiento'), (SELECT MAX(id_tratamiento) FROM tratamiento));
SELECT setval(pg_get_serial_sequence('procedimiento', 'id_procedimiento'), (SELECT MAX(id_procedimiento) FROM procedimiento));
SELECT setval(pg_get_serial_sequence('tratamiento_medicamento', 'id_tratamiento_medicamento'), (SELECT MAX(id_tratamiento_medicamento) FROM tratamiento_medicamento));
SELECT setval(pg_get_serial_sequence('mascota_alergia', 'id_mascota_alergia'), (SELECT MAX(id_mascota_alergia) FROM mascota_alergia));
SELECT setval(pg_get_serial_sequence('factura', 'id_factura'), (SELECT MAX(id_factura) FROM factura));
SELECT setval(pg_get_serial_sequence('factura_detalle', 'id_factura_detalle'), (SELECT MAX(id_factura_detalle) FROM factura_detalle));
